Nazwa hotelu,Adres ,Opinia ,Opinia dla lokalizacji,Cena za pobyt[zł],Odległość od centrum [km],Bezpłatny parking ,Komfort ,Link 
Willa Bór,"ul. Jagielońska 6a, 34-500 Zakopane, Polska",8.9,9.6,1496,0.8,Tak,8.9,https://www.booking.com/hotel/pl/willa-ba3r-zakopane.pl.html?label=gog235jc-1DCAEoggI46AdIHlgDaLYBiAEBmAEeuAEXyAEP2AED6AEB-AECiAIBqAIDuAKu37adBsACAdICJGQxOGIxMmI4LWU3MDUtNDQ0Yi04NDY5LWFlMmJkOGMxZjY4NNgCBOACAQ&sid=dc0fccb21b48c7ed9f9551fae1b2e99e&aid=397594&ucfs=1&arphpl=1&checkin=2023-01-30&checkout=2023-02-03&dest_id=-538221&dest_type=city&group_adults=2&req_adults=2&no_rooms=1&group_children=0&req_children=0&hpos=1&hapos=1&sr_order=popularity&srpvid=ae6a6bb146dc0412&srepoch=1672327140&all_sr_blocks=88999501_295974036_0_1_0&highlighted_blocks=88999501_295974036_0_1_0&matching_block_id=88999501_295974036_0_1_0&sr_pri_blocks=88999501_295974036_0_1_0__149600&from_sustainable_property_sr=1&from=searchresults&map_fdco=1#hotelTmpl
Hyrny,"Ul. Marsz. Józefa Piłsudskiego 20, 34-500 Zakopane, Polska",7.9,9.4,1411,0.8,Tak,7.8,https://www.booking.com/hotel/pl/hyrny.pl.html?aid=397594&label=gog235jc-1FCAEoggI46AdIHlgDaLYBiAEBmAEeuAEXyAEP2AEB6AEB-AECiAIBqAIDuAKu37adBsACAdICJGQxOGIxMmI4LWU3MDUtNDQ0Yi04NDY5LWFlMmJkOGMxZjY4NNgCBeACAQ&sid=dc0fccb21b48c7ed9f9551fae1b2e99e&all_sr_blocks=33244206_329722293_2_10_0;checkin=2023-01-30;checkout=2023-02-03;dest_id=-538221;dest_type=city;dist=0;group_adults=2;group_children=0;hapos=2;highlighted_blocks=33244206_329722293_2_10_0;hpos=2;matching_block_id=33244206_329722293_2_10_0;no_rooms=1;req_adults=2;req_children=0;room1=A%2CA;sb_price_type=total;sr_order=popularity;sr_pri_blocks=33244206_329722293_2_10_0__141120;srepoch=1672327140;srpvid=ae6a6bb146dc0412;type=total;ucfs=1&#hotelTmpl
Chatka u Hazy - Regionalne pokoje Zakopane ,"Rybkówka-Kościuszki 68B, 34-520 Zakopane, Polska",9.2,8.9,1113,4.2,Tak,9.3,https://www.booking.com/hotel/pl/willa-ba3r-zakopane.pl.html?label=gog235jc-1DCAEoggI46AdIHlgDaLYBiAEBmAEeuAEXyAEP2AED6AEB-AECiAIBqAIDuAKu37adBsACAdICJGQxOGIxMmI4LWU3MDUtNDQ0Yi04NDY5LWFlMmJkOGMxZjY4NNgCBOACAQ&sid=dc0fccb21b48c7ed9f9551fae1b2e99e&aid=397594&ucfs=1&arphpl=1&checkin=2023-01-30&checkout=2023-02-03&dest_id=-538221&dest_type=city&group_adults=2&req_adults=2&no_rooms=1&group_children=0&req_children=0&hpos=1&hapos=1&sr_order=popularity&srpvid=ae6a6bb146dc0412&srepoch=1672327140&all_sr_blocks=88999501_295974036_0_1_0&highlighted_blocks=88999501_295974036_0_1_0&matching_block_id=88999501_295974036_0_1_0&sr_pri_blocks=88999501_295974036_0_1_0__149600&from_sustainable_property_sr=1&from=searchresults&map_fdco=1#hotelTmpl
Grand Podhale Resort&Spa,"Mrowce 17J, 34-500 Zakopane, Polska",8.7,8.3,1170,2.9,Tak,8.8,https://www.booking.com/hotel/pl/pensjonat-podhale.pl.html?aid=397594&label=gog235jc-1FCAEoggI46AdIHlgDaLYBiAEBmAEeuAEXyAEP2AEB6AEB-AECiAIBqAIDuAKu37adBsACAdICJGQxOGIxMmI4LWU3MDUtNDQ0Yi04NDY5LWFlMmJkOGMxZjY4NNgCBeACAQ&sid=dc0fccb21b48c7ed9f9551fae1b2e99e&all_sr_blocks=242833469_366398412_2_2_0;checkin=2023-01-30;checkout=2023-02-03;dest_id=-538221;dest_type=city;dist=0;group_adults=2;group_children=0;hapos=4;highlighted_blocks=242833469_366398412_2_2_0;hpos=4;matching_block_id=242833469_366398412_2_2_0;no_rooms=1;req_adults=2;req_children=0;room1=A%2CA;sb_price_type=total;sr_order=popularity;sr_pri_blocks=242833469_366398412_2_2_0__172000;srepoch=1672327140;srpvid=ae6a6bb146dc0412;type=total;ucfs=1&#hotelTmpl
Zakopane Stop,"ul. Szymony Boczne 11b, 34-500 Zakopane, Polska",8.9,8.1,1292,1.7,Tak,8.8,https://www.booking.com/hotel/pl/willa-fachbud.pl.html?aid=397594&label=gog235jc-1FCAEoggI46AdIHlgDaLYBiAEBmAEeuAEXyAEP2AEB6AEB-AECiAIBqAIDuAKu37adBsACAdICJGQxOGIxMmI4LWU3MDUtNDQ0Yi04NDY5LWFlMmJkOGMxZjY4NNgCBeACAQ&sid=dc0fccb21b48c7ed9f9551fae1b2e99e&all_sr_blocks=55925508_210612153_2_2_0;checkin=2023-01-30;checkout=2023-02-03;dest_id=-538221;dest_type=city;dist=0;group_adults=2;group_children=0;hapos=5;highlighted_blocks=55925508_210612153_2_2_0;hpos=5;matching_block_id=55925508_210612153_2_2_0;no_rooms=1;req_adults=2;req_children=0;room1=A%2CA;sb_price_type=total;sr_order=popularity;sr_pri_blocks=55925508_210612153_2_2_0__129150;srepoch=1672327140;srpvid=ae6a6bb146dc0412;type=total;ucfs=1&#hotelTmpl
Villa Nawrot,"Droga Do Samków 4, 34-500 Zakopane, Polska",8.6,9.2,896,1.1,Tak,8.7,https://www.booking.com/hotel/pl/pokoje-goscinne-nawrot.pl.html?aid=397594&label=gog235jc-1FCAEoggI46AdIHlgDaLYBiAEBmAEeuAEXyAEP2AEB6AEB-AECiAIBqAIDuAKu37adBsACAdICJGQxOGIxMmI4LWU3MDUtNDQ0Yi04NDY5LWFlMmJkOGMxZjY4NNgCBeACAQ&sid=dc0fccb21b48c7ed9f9551fae1b2e99e&all_sr_blocks=63453305_295732240_0_2_0;checkin=2023-01-30;checkout=2023-02-03;dest_id=-538221;dest_type=city;dist=0;group_adults=2;group_children=0;hapos=6;highlighted_blocks=63453305_295732240_0_2_0;hpos=6;matching_block_id=63453305_295732240_0_2_0;no_rooms=1;req_adults=2;req_children=0;room1=A%2CA;sb_price_type=total;sr_order=popularity;sr_pri_blocks=63453305_295732240_0_2_0__89600;srepoch=1672327140;srpvid=ae6a6bb146dc0412;type=total;ucfs=1&#hotelTmpl
Hotel Paryski Art & Business,"15 Witolda i Zofii Paryskich, 34-500 Zakopane, Polska",9.3,8.6,2247,2.2,Tak,9.5,https://www.booking.com/hotel/pl/paryski-art-amp-business.pl.html?aid=397594&label=gog235jc-1FCAEoggI46AdIHlgDaLYBiAEBmAEeuAEXyAEP2AEB6AEB-AECiAIBqAIDuAKu37adBsACAdICJGQxOGIxMmI4LWU3MDUtNDQ0Yi04NDY5LWFlMmJkOGMxZjY4NNgCBeACAQ&sid=dc0fccb21b48c7ed9f9551fae1b2e99e&all_sr_blocks=288163502_363293887_2_1_0;checkin=2023-01-30;checkout=2023-02-03;dest_id=-538221;dest_type=city;dist=0;group_adults=2;group_children=0;hapos=7;highlighted_blocks=288163502_363293887_2_1_0;hpos=7;matching_block_id=288163502_363293887_2_1_0;no_rooms=1;req_adults=2;req_children=0;room1=A%2CA;sb_price_type=total;sr_order=popularity;sr_pri_blocks=288163502_363293887_2_1_0__224728;srepoch=1672327140;srpvid=ae6a6bb146dc0412;type=total;ucfs=1&#hotelTmpl
Willa Bachledówka,"Krzeptowki 129, 34-500 Zakopane, Polska",8.3,8.7,823,3.2,Tak,8.2,https://www.booking.com/hotel/pl/willa-bachledowka-zakopane.pl.html?aid=397594&label=gog235jc-1FCAEoggI46AdIHlgDaLYBiAEBmAEeuAEXyAEP2AEB6AEB-AECiAIBqAIDuAKu37adBsACAdICJGQxOGIxMmI4LWU3MDUtNDQ0Yi04NDY5LWFlMmJkOGMxZjY4NNgCBeACAQ&sid=dc0fccb21b48c7ed9f9551fae1b2e99e&all_sr_blocks=229068013_343266506_2_2_0;checkin=2023-01-30;checkout=2023-02-03;dest_id=-538221;dest_type=city;dist=0;group_adults=2;group_children=0;hapos=8;highlighted_blocks=229068013_343266506_2_2_0;hpos=8;matching_block_id=229068013_343266506_2_2_0;no_rooms=1;req_adults=2;req_children=0;room1=A%2CA;sb_price_type=total;sr_order=popularity;sr_pri_blocks=229068013_343266506_2_2_0__82280;srepoch=1672327140;srpvid=ae6a6bb146dc0412;type=total;ucfs=1&#hotelTmpl
Willa Halusia,"5 Gładkie, 34-500 Zakopane, Polska",8.7,9.2,1016,0.8,Tak,8.8,https://www.booking.com/hotel/pl/willa-halusia.pl.html?aid=397594&label=gog235jc-1FCAEoggI46AdIHlgDaLYBiAEBmAEeuAEXyAEP2AEB6AEB-AECiAIBqAIDuAKu37adBsACAdICJGQxOGIxMmI4LWU3MDUtNDQ0Yi04NDY5LWFlMmJkOGMxZjY4NNgCBeACAQ&sid=dc0fccb21b48c7ed9f9551fae1b2e99e&all_sr_blocks=773436607_364970385_2_0_0;checkin=2023-01-30;checkout=2023-02-03;dest_id=-538221;dest_type=city;dist=0;group_adults=2;group_children=0;hapos=9;highlighted_blocks=773436607_364970385_2_0_0;hpos=9;matching_block_id=773436607_364970385_2_0_0;no_rooms=1;req_adults=2;req_children=0;room1=A%2CA;sb_price_type=total;sr_order=popularity;sr_pri_blocks=773436607_364970385_2_0_0__101600;srepoch=1672327140;srpvid=ae6a6bb146dc0412;type=total;ucfs=1&#hotelTmpl
Willa Hiacynta ,"Skibowki 31A, 34-500 Zakopane, Polska",9.4,9.0,1216,2.3,Tak,9.4,https://www.booking.com/hotel/pl/zakopianski-dworek.pl.html?aid=397594&label=gog235jc-1FCAEoggI46AdIHlgDaLYBiAEBmAEeuAEXyAEP2AEB6AEB-AECiAIBqAIDuAKu37adBsACAdICJGQxOGIxMmI4LWU3MDUtNDQ0Yi04NDY5LWFlMmJkOGMxZjY4NNgCBeACAQ&sid=dc0fccb21b48c7ed9f9551fae1b2e99e&all_sr_blocks=237574112_101231078_2_1_0;checkin=2023-01-30;checkout=2023-02-03;dest_id=-538221;dest_type=city;dist=0;group_adults=2;group_children=0;hapos=10;highlighted_blocks=237574112_101231078_2_1_0;hpos=10;matching_block_id=237574112_101231078_2_1_0;no_rooms=1;req_adults=2;req_children=0;room1=A%2CA;sb_price_type=total;sr_order=popularity;sr_pri_blocks=237574112_101231078_2_1_0__121600;srepoch=1672327140;srpvid=ae6a6bb146dc0412;type=total;ucfs=1&#hotelTmpl
Pokoje regionalne u Ani ,"Antałówka 17, 34-500 Zakopane, Polska",9.4,9.2,689,1.7,Tak,9.3,https://www.booking.com/hotel/pl/pokoje-regionalne-u-ani-zakopane.pl.html?aid=397594&label=gog235jc-1FCAEoggI46AdIHlgDaLYBiAEBmAEeuAEXyAEP2AEB6AEB-AECiAIBqAIDuAKu37adBsACAdICJGQxOGIxMmI4LWU3MDUtNDQ0Yi04NDY5LWFlMmJkOGMxZjY4NNgCBeACAQ&sid=dc0fccb21b48c7ed9f9551fae1b2e99e&all_sr_blocks=565279402_214161044_2_0_0;checkin=2023-01-30;checkout=2023-02-03;dest_id=-538221;dest_type=city;dist=0;group_adults=2;group_children=0;hapos=11;highlighted_blocks=565279402_214161044_2_0_0;hpos=11;matching_block_id=565279402_214161044_2_0_0;no_rooms=1;req_adults=2;req_children=0;room1=A%2CA;sb_price_type=total;sr_order=popularity;sr_pri_blocks=565279402_214161044_2_0_0__68920;srepoch=1672327140;srpvid=ae6a6bb146dc0412;type=total;ucfs=1&#hotelTmpl
Hotel Górski Kalatówki,"Droga Brata Alberta 3, 34-500 Zakopane, Polska",9.0,9.7,1416,4,Nie,8.7,https://www.booking.com/hotel/pl/gorski-kalatowki.pl.html?aid=397594&label=gog235jc-1FCAEoggI46AdIHlgDaLYBiAEBmAEeuAEXyAEP2AEB6AEB-AECiAIBqAIDuAKu37adBsACAdICJGQxOGIxMmI4LWU3MDUtNDQ0Yi04NDY5LWFlMmJkOGMxZjY4NNgCBeACAQ&sid=dc0fccb21b48c7ed9f9551fae1b2e99e&all_sr_blocks=27921101_338982695_0_1_0;checkin=2023-01-30;checkout=2023-02-03;dest_id=-538221;dest_type=city;dist=0;group_adults=2;group_children=0;hapos=12;highlighted_blocks=27921101_338982695_0_1_0;hpos=12;matching_block_id=27921101_338982695_0_1_0;no_rooms=1;req_adults=2;req_children=0;room1=A%2CA;sb_price_type=total;sr_order=popularity;sr_pri_blocks=27921101_338982695_0_1_0__141600;srepoch=1672327140;srpvid=ae6a6bb146dc0412;type=total;ucfs=1&#hotelTmpl
Apartamenty Mmh,"Piłsudskiego 8 Piłsudskiego 8, 34-500 Zakopane, Polska",9.6,9.9,898,0.5,Tak,9.6,https://www.booking.com/hotel/pl/apartamenty-mmh.pl.html?aid=397594&label=gog235jc-1FCAEoggI46AdIHlgDaLYBiAEBmAEeuAEXyAEP2AEB6AEB-AECiAIBqAIDuAKu37adBsACAdICJGQxOGIxMmI4LWU3MDUtNDQ0Yi04NDY5LWFlMmJkOGMxZjY4NNgCBeACAQ&sid=dc0fccb21b48c7ed9f9551fae1b2e99e&all_sr_blocks=262663313_166235431_2_0_0;checkin=2023-01-30;checkout=2023-02-03;dest_id=-538221;dest_type=city;dist=0;group_adults=2;group_children=0;hapos=13;highlighted_blocks=262663313_166235431_2_0_0;hpos=13;matching_block_id=262663313_166235431_2_0_0;no_rooms=1;req_adults=2;req_children=0;room1=A%2CA;sb_price_type=total;sr_order=popularity;sr_pri_blocks=262663313_166235431_2_0_0__89760;srepoch=1672327140;srpvid=ae6a6bb146dc0412;type=total;ucfs=1&#hotelTmpl
Gold Hotel,"35 Droga Oswalda Balzera, 34-500 Zakopane, Polska",8.9,8.7,2116,2.9,Tak,9.3,https://www.booking.com/hotel/pl/gold-zakopane.pl.html?label=gog235jc-1FCAEoggI46AdIHlgDaLYBiAEBmAEeuAEXyAEP2AEB6AEB-AECiAIBqAIDuAKu37adBsACAdICJGQxOGIxMmI4LWU3MDUtNDQ0Yi04NDY5LWFlMmJkOGMxZjY4NNgCBeACAQ&sid=9838a961e186b56b3e4fa38eafc8c381&aid=397594&ucfs=1&arphpl=1&checkin=2023-01-30&checkout=2023-02-03&dest_id=-538221&dest_type=city&group_adults=2&req_adults=2&no_rooms=1&group_children=0&req_children=0&hpos=2&hapos=2&sr_order=popularity&nflt=class%3D4&srpvid=419b7a544b8c00f5&srepoch=1672334673&all_sr_blocks=202867601_310768557_2_9_0&highlighted_blocks=202867601_310768557_2_9_0&matching_block_id=202867601_310768557_2_9_0&sr_pri_blocks=202867601_310768557_2_9_0__211600&dcs_click=1&from=searchresults&map_fdco=1#hotelTmpl
Apartamenty Prestige,"Paryskich 17, 34-500 Zakopane, Polska",9.3,8.4,1883,2.3,Tak,9.5,https://www.booking.com/hotel/pl/aparthotel-prestige.pl.html?label=gog235jc-1FCAEoggI46AdIHlgDaLYBiAEBmAEeuAEXyAEP2AEB6AEB-AECiAIBqAIDuAKu37adBsACAdICJGQxOGIxMmI4LWU3MDUtNDQ0Yi04NDY5LWFlMmJkOGMxZjY4NNgCBeACAQ&sid=9838a961e186b56b3e4fa38eafc8c381&aid=397594&ucfs=1&arphpl=1&checkin=2023-01-30&checkout=2023-02-03&dest_id=-538221&dest_type=city&group_adults=2&req_adults=2&no_rooms=1&group_children=0&req_children=0&hpos=5&hapos=5&sr_order=popularity&nflt=class%3D4&srpvid=419b7a544b8c00f5&srepoch=1672334673&all_sr_blocks=644662506_356524271_4_2_0&highlighted_blocks=644662506_356524271_4_2_0&matching_block_id=644662506_356524271_4_2_0&sr_pri_blocks=644662506_356524271_4_2_0__188287&dcs_click=1&from=searchresults&map_fdco=1#hotelTmpl
Willa na Wierchu,"Kościeliska 67 D, 34-500 Zakopane, Polska",9.1,9.4,764,1.3,Tak,9.1,https://www.booking.com/hotel/pl/willa-na-wierchu.pl.html?label=gog235jc-1FCAEoggI46AdIHlgDaLYBiAEBmAEeuAEXyAEP2AEB6AEB-AECiAIBqAIDuAKu37adBsACAdICJGQxOGIxMmI4LWU3MDUtNDQ0Yi04NDY5LWFlMmJkOGMxZjY4NNgCBeACAQ&sid=9838a961e186b56b3e4fa38eafc8c381&aid=397594&ucfs=1&arphpl=1&checkin=2023-01-30&checkout=2023-02-03&dest_id=-538221&dest_type=city&group_adults=2&req_adults=2&no_rooms=1&group_children=0&req_children=0&hpos=22&hapos=22&sr_order=popularity&nflt=class%3D3&srpvid=419b7a544b8c00f5&srepoch=1672335284&all_sr_blocks=23738304_200937815_0_0_0&highlighted_blocks=23738304_200937815_0_0_0&matching_block_id=23738304_200937815_0_0_0&sr_pri_blocks=23738304_200937815_0_0_0__76400&dcs_click=1&from=searchresults&map_fdco=1#hotelTmpl
Amicus,"Regle, 1, 34-500 Zakopane, Polska",8.9,9.0,1278,1.5,Tak,8.8,https://www.booking.com/hotel/pl/amicus.pl.html?label=gog235jc-1FCAEoggI46AdIHlgDaLYBiAEBmAEeuAEXyAEP2AEB6AEB-AECiAIBqAIDuAKu37adBsACAdICJGQxOGIxMmI4LWU3MDUtNDQ0Yi04NDY5LWFlMmJkOGMxZjY4NNgCBeACAQ&sid=9838a961e186b56b3e4fa38eafc8c381&aid=397594&ucfs=1&arphpl=1&checkin=2023-01-30&checkout=2023-02-03&dest_id=-538221&dest_type=city&group_adults=2&req_adults=2&no_rooms=1&group_children=0&req_children=0&hpos=24&hapos=24&sr_order=popularity&nflt=class%3D3&srpvid=419b7a544b8c00f5&srepoch=1672335284&all_sr_blocks=45343005_362961084_2_1_0&highlighted_blocks=45343005_362961084_2_1_0&matching_block_id=45343005_362961084_2_1_0&sr_pri_blocks=45343005_362961084_2_1_0__127825&from_sustainable_property_sr=1&dcs_click=1&from=searchresults&map_fdco=1#hotelTmpl
Kamieniec 27 Bed&Breakfast,"27 Kamieniec, 34-500 Zakopane, Polska",9.3,8.6,2080,1,Nie,9.4,https://www.booking.com/hotel/pl/kamieniec-27.pl.html?label=gog235jc-1FCAEoggI46AdIHlgDaLYBiAEBmAEeuAEXyAEP2AEB6AEB-AECiAIBqAIDuAKu37adBsACAdICJGQxOGIxMmI4LWU3MDUtNDQ0Yi04NDY5LWFlMmJkOGMxZjY4NNgCBeACAQ&sid=9838a961e186b56b3e4fa38eafc8c381&aid=397594&ucfs=1&arphpl=1&checkin=2023-01-30&checkout=2023-02-03&dest_id=-538221&dest_type=city&group_adults=2&req_adults=2&no_rooms=1&group_children=0&req_children=0&hpos=20&hapos=20&sr_order=popularity&nflt=class%3D3&srpvid=419b7a544b8c00f5&srepoch=1672335284&all_sr_blocks=369950201_339139378_2_1_0&highlighted_blocks=369950201_339139378_2_1_0&matching_block_id=369950201_339139378_2_1_0&sr_pri_blocks=369950201_339139378_2_1_0__208000&from_sustainable_property_sr=1&dcs_click=1&from=searchresults&map_fdco=1#hotelTmpl
Apartamenty Forma Tatrica,"ul. Ciągłówka 7 B,C, 34-500 Zakopane, Polska",9.5,8.7,1631,2,Tak,9.4,https://www.booking.com/hotel/pl/apartamenty-forma-tatrica-zakopane.pl.html?label=gog235jc-1FCAEoggI46AdIHlgDaLYBiAEBmAEeuAEXyAEP2AEB6AEB-AECiAIBqAIDuAKu37adBsACAdICJGQxOGIxMmI4LWU3MDUtNDQ0Yi04NDY5LWFlMmJkOGMxZjY4NNgCBeACAQ&sid=9838a961e186b56b3e4fa38eafc8c381&aid=397594&ucfs=1&arphpl=1&checkin=2023-01-30&checkout=2023-02-03&dest_id=-538221&dest_type=city&group_adults=2&req_adults=2&no_rooms=1&group_children=0&req_children=0&hpos=11&hapos=11&sr_order=popularity&nflt=class%3D4&srpvid=419b7a544b8c00f5&srepoch=1672335717&all_sr_blocks=204253908_94886082_2_2_0&highlighted_blocks=204253908_94886082_2_2_0&matching_block_id=204253908_94886082_2_2_0&sr_pri_blocks=204253908_94886082_2_2_0__163070&dcs_click=1&from=searchresults&map_fdco=1#hotelTmpl
Hotel Aquarion Family & Friends,"ul. Jagiellonska 29, 34-500 Zakopane, Polska",9.1,9.2,3062,0.9,Nie,9.3,https://www.booking.com/hotel/pl/aquarion.pl.html?label=gog235jc-1FCAEoggI46AdIHlgDaLYBiAEBmAEeuAEXyAEP2AEB6AEB-AECiAIBqAIDuAKu37adBsACAdICJGQxOGIxMmI4LWU3MDUtNDQ0Yi04NDY5LWFlMmJkOGMxZjY4NNgCBeACAQ&sid=9838a961e186b56b3e4fa38eafc8c381&aid=397594&ucfs=1&arphpl=1&checkin=2023-01-30&checkout=2023-02-03&dest_id=-538221&dest_type=city&group_adults=2&req_adults=2&no_rooms=1&group_children=0&req_children=0&hpos=13&hapos=13&sr_order=popularity&nflt=class%3D4&srpvid=419b7a544b8c00f5&srepoch=1672335717&all_sr_blocks=259644303_104672263_2_9_0&highlighted_blocks=259644303_104672263_2_9_0&matching_block_id=259644303_104672263_2_9_0&sr_pri_blocks=259644303_104672263_2_9_0__306223&from_sustainable_property_sr=1&dcs_click=1&from=searchresults&map_fdco=1#hotelTmpl
Rezydencja Zakopiańska,"ul. Skibówki 6 A, 34-500 Zakopane, Polska",9.5,9.1,1601,1.8,Tak,9.6,https://www.booking.com/hotel/pl/rezydencja-zakopianska.pl.html?label=gog235jc-1FCAEoggI46AdIHlgDaLYBiAEBmAEeuAEXyAEP2AEB6AEB-AECiAIBqAIDuAKu37adBsACAdICJGQxOGIxMmI4LWU3MDUtNDQ0Yi04NDY5LWFlMmJkOGMxZjY4NNgCBeACAQ&sid=9838a961e186b56b3e4fa38eafc8c381&aid=397594&ucfs=1&arphpl=1&checkin=2023-01-30&checkout=2023-02-03&dest_id=-538221&dest_type=city&group_adults=2&req_adults=2&no_rooms=1&group_children=0&req_children=0&hpos=14&hapos=14&sr_order=popularity&nflt=class%3D4&srpvid=419b7a544b8c00f5&srepoch=1672335717&all_sr_blocks=336493502_228786082_0_0_0&highlighted_blocks=336493502_228786082_0_0_0&matching_block_id=336493502_228786082_0_0_0&sr_pri_blocks=336493502_228786082_0_0_0__160056&dcs_click=1&from=searchresults&map_fdco=1#hotelTmpl
Aparthotel Bambi,"ul. Droga do Rojów 15, 34-500 Zakopane, Polska",9.5,9.2,1828,1.3,Tak,9.6,https://www.booking.com/hotel/pl/aparthotel-bambi-zakopane.pl.html?label=gog235jc-1FCAEoggI46AdIHlgDaLYBiAEBmAEeuAEXyAEP2AEB6AEB-AECiAIBqAIDuAKu37adBsACAdICJGQxOGIxMmI4LWU3MDUtNDQ0Yi04NDY5LWFlMmJkOGMxZjY4NNgCBeACAQ&sid=9838a961e186b56b3e4fa38eafc8c381&aid=397594&ucfs=1&arphpl=1&checkin=2023-01-30&checkout=2023-02-03&dest_id=-538221&dest_type=city&group_adults=2&req_adults=2&no_rooms=1&group_children=0&req_children=0&hpos=18&hapos=18&sr_order=popularity&nflt=class%3D4&srpvid=419b7a544b8c00f5&srepoch=1672335717&all_sr_blocks=140577208_93780962_0_0_0&highlighted_blocks=140577208_93780962_0_0_0&matching_block_id=140577208_93780962_0_0_0&sr_pri_blocks=140577208_93780962_0_0_0__182803&from_sustainable_property_sr=1&dcs_click=1&from=searchresults&map_fdco=1#hotelTmpl
Tatra Square Apartments,"5b Jaszczurówka-Bory, 34-500 Zakopane, Polska",9.6,9.1,1898,3,Tak,9.7,https://www.booking.com/hotel/pl/lividus-apartments.pl.html?label=gog235jc-1FCAEoggI46AdIHlgDaLYBiAEBmAEeuAEXyAEP2AEB6AEB-AECiAIBqAIDuAKu37adBsACAdICJGQxOGIxMmI4LWU3MDUtNDQ0Yi04NDY5LWFlMmJkOGMxZjY4NNgCBeACAQ&sid=9838a961e186b56b3e4fa38eafc8c381&aid=397594&ucfs=1&arphpl=1&checkin=2023-01-30&checkout=2023-02-03&dest_id=-538221&dest_type=city&group_adults=2&req_adults=2&no_rooms=1&group_children=0&req_children=0&hpos=19&hapos=19&sr_order=popularity&nflt=class%3D4&srpvid=419b7a544b8c00f5&srepoch=1672335717&all_sr_blocks=746925006_330717047_2_0_0&highlighted_blocks=746925006_330717047_2_0_0&matching_block_id=746925006_330717047_2_0_0&sr_pri_blocks=746925006_330717047_2_0_0__189811&from_sustainable_property_sr=1&dcs_click=1&from=searchresults&map_fdco=1#hotelTmpl
Mountain Shelter,"ul.Makuszyńskiego 13d, 34-500 Zakopane, Polska",9.1,9.6,2705,1,Tak,9.2,https://www.booking.com/hotel/pl/mountain-shelter.pl.html?label=gog235jc-1FCAEoggI46AdIHlgDaLYBiAEBmAEeuAEXyAEP2AEB6AEB-AECiAIBqAIDuAKu37adBsACAdICJGQxOGIxMmI4LWU3MDUtNDQ0Yi04NDY5LWFlMmJkOGMxZjY4NNgCBeACAQ&sid=9838a961e186b56b3e4fa38eafc8c381&aid=397594&ucfs=1&arphpl=1&checkin=2023-01-30&checkout=2023-02-03&dest_id=-538221&dest_type=city&group_adults=2&req_adults=2&no_rooms=1&group_children=0&req_children=0&hpos=20&hapos=20&sr_order=popularity&nflt=class%3D4&srpvid=419b7a544b8c00f5&srepoch=1672335717&all_sr_blocks=86125803_329754012_2_0_0&highlighted_blocks=86125803_329754012_2_0_0&matching_block_id=86125803_329754012_2_0_0&sr_pri_blocks=86125803_329754012_2_0_0__270520&from_sustainable_property_sr=1&dcs_click=1&from=searchresults&map_fdco=1#hotelTmpl
Apart-Center Pod Orłem,"Tuwima 3, 34-500 Zakopane, Polska",9.2,9.5,2517,1.3,Tak,9.2,https://www.booking.com/hotel/pl/apart-center-pod-orlem.pl.html?label=gog235jc-1FCAEoggI46AdIHlgDaLYBiAEBmAEeuAEXyAEP2AEB6AEB-AECiAIBqAIDuAKu37adBsACAdICJGQxOGIxMmI4LWU3MDUtNDQ0Yi04NDY5LWFlMmJkOGMxZjY4NNgCBeACAQ&sid=9838a961e186b56b3e4fa38eafc8c381&aid=397594&ucfs=1&arphpl=1&checkin=2023-01-30&checkout=2023-02-03&dest_id=-538221&dest_type=city&group_adults=2&req_adults=2&no_rooms=1&group_children=0&req_children=0&hpos=23&hapos=23&sr_order=popularity&nflt=class%3D4&srpvid=419b7a544b8c00f5&srepoch=1672335717&all_sr_blocks=107187301_279195726_2_2_0&highlighted_blocks=107187301_279195726_2_2_0&matching_block_id=107187301_279195726_2_2_0&sr_pri_blocks=107187301_279195726_2_2_0__251663&dcs_click=1&from=searchresults&map_fdco=1#hotelTmpl
Willa Kocham Tatry,"ul. Salwatoriańska 6, 34-500 Zakopane, Polska",8.7,8.6,1165,2.2,Tak,8.6,https://www.booking.com/hotel/pl/u-daniela.pl.html?aid=397594&label=gog235jc-1FCAEoggI46AdIHlgDaLYBiAEBmAEeuAEXyAEP2AEB6AEB-AECiAIBqAIDuAKu37adBsACAdICJGQxOGIxMmI4LWU3MDUtNDQ0Yi04NDY5LWFlMmJkOGMxZjY4NNgCBeACAQ&sid=7d7875eed0afd20905150d99d0372e5e&all_sr_blocks=311070705_298716368_0_2_0;checkin=2023-01-30;checkout=2023-02-03;dest_id=-538221;dest_type=city;dist=0;group_adults=2;group_children=0;hapos=34;highlighted_blocks=311070705_298716368_0_2_0;hpos=9;matching_block_id=311070705_298716368_0_2_0;no_rooms=1;req_adults=2;req_children=0;room1=A%2CA;sb_price_type=total;sr_order=popularity;sr_pri_blocks=311070705_298716368_0_2_0__116520;srepoch=1672391227;srpvid=2eef3c051649013b;type=total;ucfs=1&#hotelTmpl
Highlander Heart Residence,"Skibówki 63, 34-500 Zakopane, Polska",9.6,9.6,1288,2.5,Tak,9.6,https://www.booking.com/hotel/pl/highlander-heart-residance.pl.html?aid=397594&label=gog235jc-1FCAEoggI46AdIHlgDaLYBiAEBmAEeuAEXyAEP2AEB6AEB-AECiAIBqAIDuAKu37adBsACAdICJGQxOGIxMmI4LWU3MDUtNDQ0Yi04NDY5LWFlMmJkOGMxZjY4NNgCBeACAQ&sid=7d7875eed0afd20905150d99d0372e5e&all_sr_blocks=812668904_343565661_2_1_0;checkin=2023-01-30;checkout=2023-02-03;dest_id=-538221;dest_type=city;dist=0;group_adults=2;group_children=0;hapos=1;highlighted_blocks=812668904_343565661_2_1_0;hpos=1;matching_block_id=812668904_343565661_2_1_0;no_rooms=1;req_adults=2;req_children=0;room1=A%2CA;sb_price_type=total;sr_order=popularity;sr_pri_blocks=812668904_343565661_2_1_0__128760;srepoch=1672390098;srpvid=a1883de843c704ea;type=total;ucfs=1&#hotelTmpl
Willa Pod Wierchami,"ul. Przew. J. Krzeptowskiego 41, 34-500 Zakopane, Polska",9.2,9.0,816,3.1,Tak,9.1,https://www.booking.com/hotel/pl/willa-pod-wierchami.pl.html?aid=397594&label=gog235jc-1FCAEoggI46AdIHlgDaLYBiAEBmAEeuAEXyAEP2AEB6AEB-AECiAIBqAIDuAKu37adBsACAdICJGQxOGIxMmI4LWU3MDUtNDQ0Yi04NDY5LWFlMmJkOGMxZjY4NNgCBeACAQ&sid=7d7875eed0afd20905150d99d0372e5e&all_sr_blocks=210033303_326668483_2_1_0;checkin=2023-01-30;checkout=2023-02-03;dest_id=-538221;dest_type=city;dist=0;group_adults=2;group_children=0;hapos=15;highlighted_blocks=210033303_326668483_2_1_0;hpos=15;matching_block_id=210033303_326668483_2_1_0;no_rooms=1;req_adults=2;req_children=0;room1=A%2CA;sb_price_type=total;sr_order=popularity;sr_pri_blocks=210033303_326668483_2_1_0__81600;srepoch=1672389131;srpvid=2eef3c051649013b;type=total;ucfs=1&#hotelTmpl
VIP APARTAMENTY VILLA GÓRSKIE KLIMATY,"ul. Pilsudskiego 2D, 34-500 Zakopane, Polska",8.5,9.7,1606,0.45,Tak,8.8,https://www.booking.com/hotel/pl/vip-apartamenty-villa-goralski-raj.pl.html?aid=397594&label=gog235jc-1FCAEoggI46AdIHlgDaLYBiAEBmAEeuAEXyAEP2AEB6AEB-AECiAIBqAIDuAKu37adBsACAdICJGQxOGIxMmI4LWU3MDUtNDQ0Yi04NDY5LWFlMmJkOGMxZjY4NNgCBeACAQ&sid=7d7875eed0afd20905150d99d0372e5e&all_sr_blocks=318268702_208453720_0_2_0;checkin=2023-01-30;checkout=2023-02-03;dest_id=-538221;dest_type=city;dist=0;group_adults=2;group_children=0;hapos=16;highlighted_blocks=318268702_208453720_0_2_0;hpos=16;matching_block_id=318268702_208453720_0_2_0;no_rooms=1;req_adults=2;req_children=0;room1=A%2CA;sb_price_type=total;sr_order=popularity;sr_pri_blocks=318268702_208453720_0_2_0__160600;srepoch=1672389131;srpvid=2eef3c051649013b;type=total;ucfs=1&#hotelTmpl
Olczańska Kotlina Apart&Room,"Wojdyły 6B, 34-500 Zakopane, Polska",9.4,8.5,843,3.8,Tak,9.5,https://www.booking.com/hotel/pl/olczanska-kotlina.pl.html?aid=397594&label=gog235jc-1FCAEoggI46AdIHlgDaLYBiAEBmAEeuAEXyAEP2AEB6AEB-AECiAIBqAIDuAKu37adBsACAdICJGQxOGIxMmI4LWU3MDUtNDQ0Yi04NDY5LWFlMmJkOGMxZjY4NNgCBeACAQ&sid=7d7875eed0afd20905150d99d0372e5e&all_sr_blocks=742812309_329429615_2_0_0;checkin=2023-01-30;checkout=2023-02-03;dest_id=-538221;dest_type=city;dist=0;group_adults=2;group_children=0;hapos=18;highlighted_blocks=742812309_329429615_2_0_0;hpos=18;matching_block_id=742812309_329429615_2_0_0;no_rooms=1;req_adults=2;req_children=0;room1=A%2CA;sb_price_type=total;sr_order=popularity;sr_pri_blocks=742812309_329429615_2_0_0__84306;srepoch=1672389131;srpvid=2eef3c051649013b;type=total;ucfs=1&#hotelTmpl
Przystanek Gubałówka -Guest House Zakopane,"Walowa Góra 11a, 34-500 Zakopane, Polska",8.6,9.3,901,0.8,Tak,8.5,https://www.booking.com/hotel/pl/guest-house-zakopane.pl.html?aid=397594&label=gog235jc-1FCAEoggI46AdIHlgDaLYBiAEBmAEeuAEXyAEP2AEB6AEB-AECiAIBqAIDuAKu37adBsACAdICJGQxOGIxMmI4LWU3MDUtNDQ0Yi04NDY5LWFlMmJkOGMxZjY4NNgCBeACAQ&sid=7d7875eed0afd20905150d99d0372e5e&all_sr_blocks=737983021_328238632_2_0_0;checkin=2023-01-30;checkout=2023-02-03;dest_id=-538221;dest_type=city;dist=0;group_adults=2;group_children=0;hapos=19;highlighted_blocks=737983021_328238632_2_0_0;hpos=19;matching_block_id=737983021_328238632_2_0_0;no_rooms=1;req_adults=2;req_children=0;room1=A%2CA;sb_price_type=total;sr_order=popularity;sr_pri_blocks=737983021_328238632_2_0_0__90083;srepoch=1672389131;srpvid=2eef3c051649013b;type=total;ucfs=1&#hotelTmpl
VIP Apartamenty FOLK RESIDENCE,"Kamieniec 7, 34-500 Zakopane, Polska",8.7,9.1,1292,0.9,Tak,8.8,https://www.booking.com/hotel/pl/vip-apartamenty-folk-residence.pl.html?aid=397594&label=gog235jc-1FCAEoggI46AdIHlgDaLYBiAEBmAEeuAEXyAEP2AEB6AEB-AECiAIBqAIDuAKu37adBsACAdICJGQxOGIxMmI4LWU3MDUtNDQ0Yi04NDY5LWFlMmJkOGMxZjY4NNgCBeACAQ&sid=7d7875eed0afd20905150d99d0372e5e&all_sr_blocks=428464512_205017764_2_2_0;checkin=2023-01-30;checkout=2023-02-03;dest_id=-538221;dest_type=city;dist=0;group_adults=2;group_children=0;hapos=21;highlighted_blocks=428464512_205017764_2_2_0;hpos=21;matching_block_id=428464512_205017764_2_2_0;no_rooms=1;req_adults=2;req_children=0;room1=A%2CA;sb_price_type=total;sr_order=popularity;sr_pri_blocks=428464512_205017764_2_2_0__129200;srepoch=1672389131;srpvid=2eef3c051649013b;type=total;ucfs=1&#hotelTmpl
Pokoje Gościnne Koralik,"ul. Sienkiewicza 24F, 34-500 Zakopane, Polska",8.8,9.5,716,0.7,Tak,8.7,https://www.booking.com/hotel/pl/pokoje-goacinne-koralik.pl.html?aid=397594&label=gog235jc-1FCAEoggI46AdIHlgDaLYBiAEBmAEeuAEXyAEP2AEB6AEB-AECiAIBqAIDuAKu37adBsACAdICJGQxOGIxMmI4LWU3MDUtNDQ0Yi04NDY5LWFlMmJkOGMxZjY4NNgCBeACAQ&sid=7d7875eed0afd20905150d99d0372e5e&all_sr_blocks=38719508_209076889_2_0_0;checkin=2023-01-30;checkout=2023-02-03;dest_id=-538221;dest_type=city;dist=0;group_adults=2;group_children=0;hapos=22;highlighted_blocks=38719508_209076889_2_0_0;hpos=22;matching_block_id=38719508_209076889_2_0_0;no_rooms=1;req_adults=2;req_children=0;room1=A%2CA;sb_price_type=total;sr_order=popularity;sr_pri_blocks=38719508_209076889_2_0_0__71600;srepoch=1672389131;srpvid=2eef3c051649013b;type=total;ucfs=1&#hotelTmpl
Willa u Słodkiego,"ul.Króle 31, 34-500 Zakopane, Polska",8.8,8.4,661,2.6,Tak,8.7,booking.com/hotel/pl/willa-u-slodkiego.pl.html?aid=397594&label=gog235jc-1FCAEoggI46AdIHlgDaLYBiAEBmAEeuAEXyAEP2AEB6AEB-AECiAIBqAIDuAKu37adBsACAdICJGQxOGIxMmI4LWU3MDUtNDQ0Yi04NDY5LWFlMmJkOGMxZjY4NNgCBeACAQ&sid=7d7875eed0afd20905150d99d0372e5e&all_sr_blocks=291418101_329653438_2_40_0;checkin=2023-01-30;checkout=2023-02-03;dest_id=-538221;dest_type=city;dist=0;group_adults=2;group_children=0;hapos=24;highlighted_blocks=291418101_329653438_2_40_0;hpos=24;matching_block_id=291418101_329653438_2_40_0;no_rooms=1;req_adults=2;req_children=0;room1=A%2CA;sb_price_type=total;sr_order=popularity;sr_pri_blocks=291418101_329653438_2_40_0__66115;srepoch=1672389131;srpvid=2eef3c051649013b;type=total;ucfs=1&#hotelTmpl
Narciarski Dworek,"ul. Zwierzyniecka 16, 34-500 Zakopane, Polska",9.1,9.3,1616,1.6,Tak,9.1,https://www.booking.com/hotel/pl/narciarski-dworek-zakopane.pl.html?aid=397594&label=gog235jc-1FCAEoggI46AdIHlgDaLYBiAEBmAEeuAEXyAEP2AEB6AEB-AECiAIBqAIDuAKu37adBsACAdICJGQxOGIxMmI4LWU3MDUtNDQ0Yi04NDY5LWFlMmJkOGMxZjY4NNgCBeACAQ&sid=7d7875eed0afd20905150d99d0372e5e&all_sr_blocks=687432905_285069393_2_1_0;checkin=2023-01-30;checkout=2023-02-03;dest_id=-538221;dest_type=city;dist=0;group_adults=2;group_children=0;hapos=27;highlighted_blocks=687432905_285069393_2_1_0;hpos=2;matching_block_id=687432905_285069393_2_1_0;no_rooms=1;req_adults=2;req_children=0;room1=A%2CA;sb_price_type=total;sr_order=popularity;sr_pri_blocks=687432905_285069393_2_1_0__161600;srepoch=1672391227;srpvid=2eef3c051649013b;type=total;ucfs=1&#hotelTmpl
Willa Trebunia,"Harenda 17c, 34-500 Zakopane, Polska",9.2,8.7,879,3.3,Tak,9.3,https://www.booking.com/hotel/pl/willa-trebunia.pl.html?aid=397594&label=gog235jc-1FCAEoggI46AdIHlgDaLYBiAEBmAEeuAEXyAEP2AEB6AEB-AECiAIBqAIDuAKu37adBsACAdICJGQxOGIxMmI4LWU3MDUtNDQ0Yi04NDY5LWFlMmJkOGMxZjY4NNgCBeACAQ&sid=7d7875eed0afd20905150d99d0372e5e&all_sr_blocks=170231701_89970155_2_0_0;checkin=2023-01-30;checkout=2023-02-03;dest_id=-538221;dest_type=city;dist=0;group_adults=2;group_children=0;hapos=29;highlighted_blocks=170231701_89970155_2_0_0;hpos=4;matching_block_id=170231701_89970155_2_0_0;no_rooms=1;req_adults=2;req_children=0;room1=A%2CA;sb_price_type=total;sr_order=popularity;sr_pri_blocks=170231701_89970155_2_0_0__87890;srepoch=1672391227;srpvid=2eef3c051649013b;type=total;ucfs=1&#hotelTmpl
OW Jaskółka,"ul. Piaseckiego 16, 34-500 Zakopane, Polska",8.2,9.5,1010,0.6,Tak,7.9,https://www.booking.com/hotel/pl/ow-jaskolka.pl.html?aid=397594&label=gog235jc-1FCAEoggI46AdIHlgDaLYBiAEBmAEeuAEXyAEP2AEB6AEB-AECiAIBqAIDuAKu37adBsACAdICJGQxOGIxMmI4LWU3MDUtNDQ0Yi04NDY5LWFlMmJkOGMxZjY4NNgCBeACAQ&sid=7d7875eed0afd20905150d99d0372e5e&all_sr_blocks=38729302_89085672_0_1_0;checkin=2023-01-30;checkout=2023-02-03;dest_id=-538221;dest_type=city;dist=0;group_adults=2;group_children=0;hapos=35;highlighted_blocks=38729302_89085672_0_1_0;hpos=10;matching_block_id=38729302_89085672_0_1_0;no_rooms=1;req_adults=2;req_children=0;room1=A%2CA;sb_price_type=total;sr_order=popularity;sr_pri_blocks=38729302_89085672_0_1_0__100980;srepoch=1672391227;srpvid=2eef3c051649013b;type=total;ucfs=1&#hotelTmpl
Willa Margo,"Nowotarska 55b, 34-500 Zakopane, Polska",8.9,9.2,1138,0.9,Tak,9.0,https://www.booking.com/hotel/pl/willa-margo.pl.html?aid=397594&label=gog235jc-1FCAEoggI46AdIHlgDaLYBiAEBmAEeuAEXyAEP2AEB6AEB-AECiAIBqAIDuAKu37adBsACAdICJGQxOGIxMmI4LWU3MDUtNDQ0Yi04NDY5LWFlMmJkOGMxZjY4NNgCBeACAQ&sid=7d7875eed0afd20905150d99d0372e5e&all_sr_blocks=513664407_285072359_2_0_0;checkin=2023-01-30;checkout=2023-02-03;dest_id=-538221;dest_type=city;dist=0;group_adults=2;group_children=0;hapos=38;highlighted_blocks=513664407_285072359_2_0_0;hpos=13;matching_block_id=513664407_285072359_2_0_0;no_rooms=1;req_adults=2;req_children=0;room1=A%2CA;sb_price_type=total;sr_order=popularity;sr_pri_blocks=513664407_285072359_2_0_0__113800;srepoch=1672391227;srpvid=2eef3c051649013b;type=total;ucfs=1&#hotelTmpl
Willa u Bohuna,"ul. Króle 38A, 34-500 Zakopane, Polska",8.6,8.5,1066,2.6,Tak,8.6,https://www.booking.com/hotel/pl/willa-u-bohuna-zakopane.pl.html?aid=397594&label=gog235jc-1FCAEoggI46AdIHlgDaLYBiAEBmAEeuAEXyAEP2AEB6AEB-AECiAIBqAIDuAKu37adBsACAdICJGQxOGIxMmI4LWU3MDUtNDQ0Yi04NDY5LWFlMmJkOGMxZjY4NNgCBeACAQ&sid=7d7875eed0afd20905150d99d0372e5e&all_sr_blocks=39996811_295989362_2_2_0;checkin=2023-01-30;checkout=2023-02-03;dest_id=-538221;dest_type=city;dist=0;group_adults=2;group_children=0;hapos=48;highlighted_blocks=39996811_295989362_2_2_0;hpos=23;matching_block_id=39996811_295989362_2_2_0;no_rooms=1;req_adults=2;req_children=0;room1=A%2CA;sb_price_type=total;sr_order=popularity;sr_pri_blocks=39996811_295989362_2_2_0__106590;srepoch=1672391227;srpvid=2eef3c051649013b;type=total;ucfs=1&#hotelTmpl
"Rysy Boutique
Hotel","Seweryna Goszczyńskiego 7, 34-500 Zakopane",8.6,9.4,2478,1.5,Tak,9.0,https://www.booking.com/hotel/pl/rysy-zakopane.pl.html?aid=1610693&label=zakopane-OAnLUZSnN_da9Js3vK8mVgS553291515559%3Apl%3Ata%3Ap1%3Ap2%3Aac%3Aap%3Aneg%3Afi%3Atikwd-314580730301%3Alp1011373%3Ali%3Adec%3Adm%3Appccp%3DUmFuZG9tSVYkc2RlIyh9YcTrZg6rgS-Qaywgz7apUDg&sid=150eef8fe658ed97e5a5a5550a5f67da&all_sr_blocks=29772207_89076584_2_33_0;checkin=2023-01-07;checkout=2023-01-08;dest_id=-538221;dest_type=city;dist=0;group_adults=2;group_children=0;hapos=1;highlighted_blocks=29772207_89076584_2_33_0;hpos=1;matching_block_id=29772207_89076584_2_33_0;no_rooms=1;req_adults=2;req_children=0;room1=A%2CA;sb_price_type=total;sr_order=popularity;sr_pri_blocks=29772207_89076584_2_33_0__92308;srepoch=1672648524;srpvid=975f3c653cf50057;type=total;ucfs=1&#hotelTmpl
"Apartamenty
Forma Tatrica","Ciągłówka 7b/7c, 34-500 Zakopane",9.5,8.7,1772,2.4,Tak,9.6,https://www.booking.com/hotel/pl/apartamenty-forma-tatrica-zakopane.pl.html?aid=1610693&label=zakopane-OAnLUZSnN_da9Js3vK8mVgS553291515559%3Apl%3Ata%3Ap1%3Ap2%3Aac%3Aap%3Aneg%3Afi%3Atikwd-314580730301%3Alp1011373%3Ali%3Adec%3Adm%3Appccp%3DUmFuZG9tSVYkc2RlIyh9YcTrZg6rgS-Qaywgz7apUDg&sid=150eef8fe658ed97e5a5a5550a5f67da&all_sr_blocks=204253903_94886082_2_2_0;checkin=2023-01-07;checkout=2023-01-08;dest_id=-538221;dest_type=city;dist=0;group_adults=2;group_children=0;hapos=4;highlighted_blocks=204253903_94886082_2_2_0;hpos=4;matching_block_id=204253903_94886082_2_2_0;no_rooms=1;req_adults=2;req_children=0;room1=A%2CA;sb_price_type=total;sr_order=popularity;sr_pri_blocks=204253903_94886082_2_2_0__51800;srepoch=1672648524;srpvid=975f3c653cf50057;type=total;ucfs=1&#map_closed
Willa Palider,"Antałówka 8, 34-500 Zakopane",9.3,9.1,2023,2.5,Tak,9.4,https://www.booking.com/hotel/pl/apartamenty-palider.html?aid=1610693&label=zakopane-OAnLUZSnN_da9Js3vK8mVgS553291515559%3Apl%3Ata%3Ap1%3Ap2%3Aac%3Aap%3Aneg%3Afi%3Atikwd-314580730301%3Alp1011373%3Ali%3Adec%3Adm%3Appccp%3DUmFuZG9tSVYkc2RlIyh9YcTrZg6rgS-Qaywgz7apUDg&sid=150eef8fe658ed97e5a5a5550a5f67da&sb=1&src=hotel&src_elem=sb&error_url=https%3A%2F%2Fwww.booking.com%2Fhotel%2Fpl%2Fapartamenty-palider.pl.html%3Faid%3D1610693%26label%3Dzakopane-OAnLUZSnN_da9Js3vK8mVgS553291515559%253Apl%253Ata%253Ap1%253Ap2%253Aac%253Aap%253Aneg%253Afi%253Atikwd-314580730301%253Alp1011373%253Ali%253Adec%253Adm%253Appccp%253DUmFuZG9tSVYkc2RlIyh9YcTrZg6rgS-Qaywgz7apUDg%26sid%3D150eef8fe658ed97e5a5a5550a5f67da%26all_sr_blocks%3D214186617_362058226_2_2_0%3Bcheckin%3D2023-01-07%3Bcheckout%3D2023-01-08%3Bdest_id%3D-538221%3Bdest_type%3Dcity%3Bdist%3D0%3Bgroup_adults%3D2%3Bgroup_children%3D0%3Bhapos%3D6%3Bhighlighted_blocks%3D214186617_362058226_2_2_0%3Bhpos%3D6%3Bmatching_block_id%3D214186617_362058226_2_2_0%3Bno_rooms%3D1%3Breq_adults%3D2%3Breq_children%3D0%3Broom1%3DA%252CA%3Bsb_price_type%3Dtotal%3Bsr_order%3Dpopularity%3Bsr_pri_blocks%3D214186617_362058226_2_2_0__41335%3Bsrepoch%3D1672648524%3Bsrpvid%3D975f3c653cf50057%3Btype%3Dtotal%3Bucfs%3D1%26%26&highlighted_hotels=2141866&hp_sbox=1&origin=hp&hp_avform=1&do_availability_check=on&stay_on_hp=1&highlighted_blocks=214186617_362058226_2_2_0&checkin_year=2023&checkin_month=1&checkin_monthday=30&checkout_year=2023&checkout_month=2&checkout_monthday=3&group_adults=2&group_children=0&no_rooms=1&b_h4u_keep_filters=&is_ski_area=1&from_sf=1#availability_target
"Apartamenty
Harenda Zakopane","Harenda 41, 34-500 Zakopane",9.9,9.6,2696,4.5,Tak,9.8,https://www.booking.com/hotel/pl/apartamenty-harenda-zakopane.pl.html?aid=1610693&label=zakopane-OAnLUZSnN_da9Js3vK8mVgS553291515559%3Apl%3Ata%3Ap1%3Ap2%3Aac%3Aap%3Aneg%3Afi%3Atikwd-314580730301%3Alp1011373%3Ali%3Adec%3Adm%3Appccp%3DUmFuZG9tSVYkc2RlIyh9YcTrZg6rgS-Qaywgz7apUDg&sid=150eef8fe658ed97e5a5a5550a5f67da&all_sr_blocks=816453201_344215202_2_0_0;checkin=2023-01-30;checkout=2023-02-03;dest_id=-538221;dest_type=city;dist=0;group_adults=2;group_children=0;hapos=2;highlighted_blocks=816453201_344215202_2_0_0;hpos=2;matching_block_id=816453201_344215202_2_0_0;no_rooms=1;req_adults=2;req_children=0;room1=A%2CA;sb_price_type=total;sr_order=popularity;sr_pri_blocks=816453201_344215202_2_0_0__174192;srepoch=1672649899;srpvid=af6f3f1568480042;type=total;ucfs=1&#hotelTmpl
Willa Koisowka,"Cyrhla 10b, 34-500 Zakopane",9.4,9.5,715,6.4,Tak,9.1,https://www.booking.com/hotel/pl/willa-koisowka.pl.html?aid=1610693&label=zakopane-OAnLUZSnN_da9Js3vK8mVgS553291515559%3Apl%3Ata%3Ap1%3Ap2%3Aac%3Aap%3Aneg%3Afi%3Atikwd-314580730301%3Alp1011373%3Ali%3Adec%3Adm%3Appccp%3DUmFuZG9tSVYkc2RlIyh9YcTrZg6rgS-Qaywgz7apUDg&sid=150eef8fe658ed97e5a5a5550a5f67da&all_sr_blocks=293395201_341792545_2_2_0;checkin=2023-01-30;checkout=2023-02-03;dest_id=-538221;dest_type=city;dist=0;group_adults=2;group_children=0;hapos=6;highlighted_blocks=293395201_341792545_2_2_0;hpos=6;matching_block_id=293395201_341792545_2_2_0;no_rooms=1;req_adults=2;req_children=0;room1=A%2CA;sb_price_type=total;sr_order=popularity;sr_pri_blocks=293395201_341792545_2_2_0__71520;srepoch=1672649899;srpvid=af6f3f1568480042;type=total;ucfs=1&#hotelTmpl
"Willa Bianco
Zakopane","Króle 31c, 34-500 Zakopane",9.3,8.8,896,4.9,Tak,9.4,https://www.booking.com/hotel/pl/willa-bianco-zakopane.pl.html?aid=1610693&label=zakopane-OAnLUZSnN_da9Js3vK8mVgS553291515559%3Apl%3Ata%3Ap1%3Ap2%3Aac%3Aap%3Aneg%3Afi%3Atikwd-314580730301%3Alp1011373%3Ali%3Adec%3Adm%3Appccp%3DUmFuZG9tSVYkc2RlIyh9YcTrZg6rgS-Qaywgz7apUDg&sid=150eef8fe658ed97e5a5a5550a5f67da&all_sr_blocks=290971303_204004023_2_0_0;checkin=2023-01-30;checkout=2023-02-03;dest_id=-538221;dest_type=city;dist=0;group_adults=2;group_children=0;hapos=14;highlighted_blocks=290971303_204004023_2_0_0;hpos=14;matching_block_id=290971303_204004023_2_0_0;no_rooms=1;req_adults=2;req_children=0;room1=A%2CA;sb_price_type=total;sr_order=popularity;sr_pri_blocks=290971303_204004023_2_0_0__89600;srepoch=1672649899;srpvid=af6f3f1568480042;type=total;ucfs=1&#hotelTmpl
Willa Wierchy,"Józefa Piłsudskiego 11, 34-500 Zakopane",9.4,9.9,1776,1.2,Tak,9.4,https://www.booking.com/hotel/pl/villa-wierchy.pl.html?aid=1610693&label=zakopane-OAnLUZSnN_da9Js3vK8mVgS553291515559%3Apl%3Ata%3Ap1%3Ap2%3Aac%3Aap%3Aneg%3Afi%3Atikwd-314580730301%3Alp1011373%3Ali%3Adec%3Adm%3Appccp%3DUmFuZG9tSVYkc2RlIyh9YcTrZg6rgS-Qaywgz7apUDg&sid=150eef8fe658ed97e5a5a5550a5f67da&all_sr_blocks=187832806_329616160_2_1_0;checkin=2023-01-30;checkout=2023-02-03;dest_id=-538221;dest_type=city;dist=0;group_adults=2;group_children=0;hapos=18;highlighted_blocks=187832806_329616160_2_1_0;hpos=18;matching_block_id=187832806_329616160_2_1_0;no_rooms=1;req_adults=2;req_children=0;room1=A%2CA;sb_price_type=total;sr_order=popularity;sr_pri_blocks=187832806_329616160_2_1_0__177600;srepoch=1672649899;srpvid=af6f3f1568480042;type=total;ucfs=1&#hotelTmpl
Willa Monte Rosa,"Nowotarska 8/x, 34-500 Zakopane",8.9,9.7,1800,1.0,Tak,8.9,https://www.booking.com/hotel/pl/willa-monte-rosa.pl.html?aid=1610693&label=zakopane-OAnLUZSnN_da9Js3vK8mVgS553291515559%3Apl%3Ata%3Ap1%3Ap2%3Aac%3Aap%3Aneg%3Afi%3Atikwd-314580730301%3Alp1011373%3Ali%3Adec%3Adm%3Appccp%3DUmFuZG9tSVYkc2RlIyh9YcTrZg6rgS-Qaywgz7apUDg&sid=150eef8fe658ed97e5a5a5550a5f67da&all_sr_blocks=63885103_361022063_0_1_0;checkin=2023-01-30;checkout=2023-02-03;dest_id=-538221;dest_type=city;dist=0;group_adults=2;group_children=0;hapos=19;highlighted_blocks=63885103_361022063_0_1_0;hpos=19;matching_block_id=63885103_361022063_0_1_0;no_rooms=1;req_adults=2;req_children=0;room1=A%2CA;sb_price_type=total;sr_order=popularity;sr_pri_blocks=63885103_361022063_0_1_0__180000;srepoch=1672649899;srpvid=af6f3f1568480042;type=total;ucfs=1&#hotelTmpl
"Willa Widokowa
Wojnar","Pardałówka 6, 34-500 Zakopane",7.9,8.2,1992,3.5,Tak,8.1,https://www.booking.com/hotel/pl/willa-widokowa-wojnar.pl.html?aid=1610693&label=zakopane-OAnLUZSnN_da9Js3vK8mVgS553291515559%3Apl%3Ata%3Ap1%3Ap2%3Aac%3Aap%3Aneg%3Afi%3Atikwd-314580730301%3Alp1011373%3Ali%3Adec%3Adm%3Appccp%3DUmFuZG9tSVYkc2RlIyh9YcTrZg6rgS-Qaywgz7apUDg&sid=150eef8fe658ed97e5a5a5550a5f67da&all_sr_blocks=26503302_239430681_0_1_0;checkin=2023-01-30;checkout=2023-02-03;dest_id=-538221;dest_type=city;dist=0;group_adults=2;group_children=0;hapos=22;highlighted_blocks=26503302_239430681_0_1_0;hpos=22;matching_block_id=26503302_239430681_0_1_0;no_rooms=1;req_adults=2;req_children=0;room1=A%2CA;sb_price_type=total;sr_order=popularity;sr_pri_blocks=26503302_239430681_0_1_0__199200;srepoch=1672649899;srpvid=af6f3f1568480042;type=total;ucfs=1&#hotelTmpl
Willa Patryk,"Zakopane, Króle 37b, 34-500 Zakopane",8.9,8.5,844,4.2,Tak,8.8,https://www.booking.com/hotel/pl/willa-patryk.pl.html?aid=1610693&label=zakopane-OAnLUZSnN_da9Js3vK8mVgS553291515559%3Apl%3Ata%3Ap1%3Ap2%3Aac%3Aap%3Aneg%3Afi%3Atikwd-314580730301%3Alp1011373%3Ali%3Adec%3Adm%3Appccp%3DUmFuZG9tSVYkc2RlIyh9YcTrZg6rgS-Qaywgz7apUDg&sid=150eef8fe658ed97e5a5a5550a5f67da&all_sr_blocks=136517206_366079781_2_0_0;checkin=2023-01-30;checkout=2023-02-03;dest_id=-538221;dest_type=city;dist=0;group_adults=2;group_children=0;hapos=23;highlighted_blocks=136517206_366079781_2_0_0;hpos=23;matching_block_id=136517206_366079781_2_0_0;no_rooms=1;req_adults=2;req_children=0;room1=A%2CA;sb_price_type=total;sr_order=popularity;sr_pri_blocks=136517206_366079781_2_0_0__84400;srepoch=1672649899;srpvid=af6f3f1568480042;type=total;ucfs=1&#hotelTmpl
"Willa
Mecenasówka","Sabały 9a, 34-500 Zakopane",9.1,9.0,1141,1.3,Nie,9.4,https://www.booking.com/hotel/pl/willa-mecenasowka.pl.html?aid=1610693&label=zakopane-OAnLUZSnN_da9Js3vK8mVgS553291515559%3Apl%3Ata%3Ap1%3Ap2%3Aac%3Aap%3Aneg%3Afi%3Atikwd-314580730301%3Alp1011373%3Ali%3Adec%3Adm%3Appccp%3DUmFuZG9tSVYkc2RlIyh9YcTrZg6rgS-Qaywgz7apUDg&sid=150eef8fe658ed97e5a5a5550a5f67da&all_sr_blocks=379664901_120744013_2_0_0;checkin=2023-01-30;checkout=2023-02-03;dest_id=-538221;dest_type=city;dist=0;group_adults=2;group_children=0;hapos=29;highlighted_blocks=379664901_120744013_2_0_0;hpos=4;matching_block_id=379664901_120744013_2_0_0;no_rooms=1;req_adults=2;req_children=0;room1=A%2CA;sb_price_type=total;sr_order=popularity;sr_pri_blocks=379664901_120744013_2_0_0__114080;srepoch=1672651764;srpvid=af6f3f1568480042;type=total;ucfs=1&#hotelTmpl
"Fian - noclegi
i konferencje
w centrum","Tytusa Chałubińskiego 38, 34-500 Zakopane",8.9,9.3,1136,1.9,Tak,8.9,https://www.booking.com/hotel/pl/osrodek-hotelarski-fian-zakopane.pl.html?aid=1610693&label=zakopane-OAnLUZSnN_da9Js3vK8mVgS553291515559%3Apl%3Ata%3Ap1%3Ap2%3Aac%3Aap%3Aneg%3Afi%3Atikwd-314580730301%3Alp1011373%3Ali%3Adec%3Adm%3Appccp%3DUmFuZG9tSVYkc2RlIyh9YcTrZg6rgS-Qaywgz7apUDg&sid=150eef8fe658ed97e5a5a5550a5f67da&all_sr_blocks=4876505_339920671_0_1_0;checkin=2023-01-30;checkout=2023-02-03;dest_id=-538221;dest_type=city;dist=0;group_adults=2;group_children=0;hapos=32;highlighted_blocks=4876505_339920671_0_1_0;hpos=7;matching_block_id=4876505_339920671_0_1_0;no_rooms=1;req_adults=2;req_children=0;room1=A%2CA;sb_price_type=total;sr_order=popularity;sr_pri_blocks=4876505_339920671_0_1_0__113600;srepoch=1672651764;srpvid=af6f3f1568480042;type=total;ucfs=1&#hotelTmpl
Liliowa Willa,"Harenda 35A, 34-500 Zakopane",9.5,9.6,826,3.8,Tak,9.3,https://www.booking.com/hotel/pl/liliowa-willa.pl.html?label=zakopane-OAnLUZSnN_da9Js3vK8mVgS553291515559%3Apl%3Ata%3Ap1%3Ap2%3Aac%3Aap%3Aneg%3Afi%3Atikwd-314580730301%3Alp1011373%3Ali%3Adec%3Adm%3Appccp%3DUmFuZG9tSVYkc2RlIyh9YcTrZg6rgS-Qaywgz7apUDg&sid=150eef8fe658ed97e5a5a5550a5f67da&aid=1610693&ucfs=1&arphpl=1&checkin=2023-01-30&checkout=2023-02-03&dest_id=-538221&dest_type=city&group_adults=2&req_adults=2&no_rooms=1&group_children=0&req_children=0&hpos=9&hapos=34&sr_order=popularity&srpvid=af6f3f1568480042&srepoch=1672651764&all_sr_blocks=301209309_220946654_2_0_0&highlighted_blocks=301209309_220946654_2_0_0&matching_block_id=301209309_220946654_2_0_0&sr_pri_blocks=301209309_220946654_2_0_0__82560&from=searchresults#hotelTmpl
Willa Strumyk,"Osiedle Krzeptówki Potok 4, 34-500 Zakopane",9.1,9.1,572,4.6,Tak,9.2,https://www.booking.com/hotel/pl/willa-strumyk.pl.html?aid=1610693&label=zakopane-OAnLUZSnN_da9Js3vK8mVgS553291515559%3Apl%3Ata%3Ap1%3Ap2%3Aac%3Aap%3Aneg%3Afi%3Atikwd-314580730301%3Alp1011373%3Ali%3Adec%3Adm%3Appccp%3DUmFuZG9tSVYkc2RlIyh9YcTrZg6rgS-Qaywgz7apUDg&sid=150eef8fe658ed97e5a5a5550a5f67da&all_sr_blocks=123182303_365639669_2_0_0;checkin=2023-01-30;checkout=2023-02-03;dest_id=-538221;dest_type=city;dist=0;group_adults=2;group_children=0;hapos=41;highlighted_blocks=123182303_365639669_2_0_0;hpos=16;matching_block_id=123182303_365639669_2_0_0;no_rooms=1;req_adults=2;req_children=0;room1=A%2CA;sb_price_type=total;sr_order=popularity;sr_pri_blocks=123182303_365639669_2_0_0__57200;srepoch=1672651764;srpvid=af6f3f1568480042;type=total;ucfs=1&#hotelTmpl
Willa Slavita,"Pardałówka 71, 34-500 Zakopane",9.0,8.7,660,3.9,Tak,9.0,https://www.booking.com/hotel/pl/willa-slavita.pl.html?aid=1610693&label=zakopane-OAnLUZSnN_da9Js3vK8mVgS553291515559%3Apl%3Ata%3Ap1%3Ap2%3Aac%3Aap%3Aneg%3Afi%3Atikwd-314580730301%3Alp1011373%3Ali%3Adec%3Adm%3Appccp%3DUmFuZG9tSVYkc2RlIyh9YcTrZg6rgS-Qaywgz7apUDg&sid=150eef8fe658ed97e5a5a5550a5f67da&all_sr_blocks=127445802_89110605_2_0_0;checkin=2023-01-30;checkout=2023-02-03;dest_id=-538221;dest_type=city;dist=0;group_adults=2;group_children=0;hapos=42;highlighted_blocks=127445802_89110605_2_0_0;hpos=17;matching_block_id=127445802_89110605_2_0_0;no_rooms=1;req_adults=2;req_children=0;room1=A%2CA;sb_price_type=total;sr_order=popularity;sr_pri_blocks=127445802_89110605_2_0_0__66000;srepoch=1672651764;srpvid=af6f3f1568480042;type=total;ucfs=1&#hotelTmpl
"Pokoje Widokowe
Szymaszkowa","Szymaszkowa 1D, 34-500 Zakopane",9.7,9.6,936,2.2,Tak,9.7,https://www.booking.com/hotel/pl/pokoje-widokowe-szymaszkowa.pl.html?aid=1610693&label=zakopane-OAnLUZSnN_da9Js3vK8mVgS553291515559%3Apl%3Ata%3Ap1%3Ap2%3Aac%3Aap%3Aneg%3Afi%3Atikwd-314580730301%3Alp1011373%3Ali%3Adec%3Adm%3Appccp%3DUmFuZG9tSVYkc2RlIyh9YcTrZg6rgS-Qaywgz7apUDg&sid=150eef8fe658ed97e5a5a5550a5f67da&all_sr_blocks=174801403_344795022_2_0_0;checkin=2023-01-30;checkout=2023-02-03;dest_id=-538221;dest_type=city;dist=0;group_adults=2;group_children=0;hapos=44;highlighted_blocks=174801403_344795022_2_0_0;hpos=19;matching_block_id=174801403_344795022_2_0_0;no_rooms=1;req_adults=2;req_children=0;room1=A%2CA;sb_price_type=total;sr_order=popularity;sr_pri_blocks=174801403_344795022_2_0_0__93600;srepoch=1672651764;srpvid=af6f3f1568480042;type=total;ucfs=1&#hotelTmpl
"APARTAMENTY
KRUPÓWKI 35
(Maria Mąka)","Krupówki 35/5/6, 34-500 Zakopane",9.5,9.9,1472,2.0,Nie,9.5,https://www.booking.com/hotel/pl/apartamenty-krupowki-35.pl.html?aid=1610693&label=zakopane-OAnLUZSnN_da9Js3vK8mVgS553291515559%3Apl%3Ata%3Ap1%3Ap2%3Aac%3Aap%3Aneg%3Afi%3Atikwd-314580730301%3Alp1011373%3Ali%3Adec%3Adm%3Appccp%3DUmFuZG9tSVYkc2RlIyh9YcTrZg6rgS-Qaywgz7apUDg&sid=150eef8fe658ed97e5a5a5550a5f67da&all_sr_blocks=294088802_329653845_2_0_0;checkin=2023-01-30;checkout=2023-02-03;dest_id=-538221;dest_type=city;dist=0;group_adults=2;group_children=0;hapos=45;highlighted_blocks=294088802_329653845_2_0_0;hpos=20;matching_block_id=294088802_329653845_2_0_0;no_rooms=1;req_adults=2;req_children=0;room1=A%2CA;sb_price_type=total;sr_order=popularity;sr_pri_blocks=294088802_329653845_2_0_0__147200;srepoch=1672651764;srpvid=af6f3f1568480042;type=total;ucfs=1&#hotelTmpl
Pokoje u Agi,"Wojdyły 15, 34-500 Zakopane",9.7,9.1,515,4.8,Tak,9.7,https://www.booking.com/hotel/pl/pokoje-u-agi.pl.html?aid=1610693&label=zakopane-OAnLUZSnN_da9Js3vK8mVgS553291515559%3Apl%3Ata%3Ap1%3Ap2%3Aac%3Aap%3Aneg%3Afi%3Atikwd-314580730301%3Alp1011373%3Ali%3Adec%3Adm%3Appccp%3DUmFuZG9tSVYkc2RlIyh9YcTrZg6rgS-Qaywgz7apUDg&sid=150eef8fe658ed97e5a5a5550a5f67da&all_sr_blocks=454929503_199708777_2_0_0;checkin=2023-01-30;checkout=2023-02-03;dest_id=-538221;dest_type=city;dist=0;group_adults=2;group_children=0;hapos=48;highlighted_blocks=454929503_199708777_2_0_0;hpos=23;matching_block_id=454929503_199708777_2_0_0;no_rooms=1;req_adults=2;req_children=0;room1=A%2CA;sb_price_type=total;sr_order=popularity;sr_pri_blocks=454929503_199708777_2_0_0__51520;srepoch=1672651764;srpvid=af6f3f1568480042;type=total;ucfs=1&#hotelTmpl
Biały Dworek,"Jaszczurówka 24a, 34-500 Zakopane",8.8,8.8,736,4.1,Tak,8.6,https://www.booking.com/hotel/pl/bialy-dworek.pl.html?aid=1610693&label=zakopane-OAnLUZSnN_da9Js3vK8mVgS553291515559%3Apl%3Ata%3Ap1%3Ap2%3Aac%3Aap%3Aneg%3Afi%3Atikwd-314580730301%3Alp1011373%3Ali%3Adec%3Adm%3Appccp%3DUmFuZG9tSVYkc2RlIyh9YcTrZg6rgS-Qaywgz7apUDg&sid=150eef8fe658ed97e5a5a5550a5f67da&all_sr_blocks=26452502_340081075_2_42_0;checkin=2023-01-30;checkout=2023-02-03;dest_id=-538221;dest_type=city;dist=0;group_adults=2;group_children=0;hapos=49;highlighted_blocks=26452502_340081075_2_42_0;hpos=24;matching_block_id=26452502_340081075_2_42_0;no_rooms=1;req_adults=2;req_children=0;room1=A%2CA;sb_price_type=total;sr_order=popularity;sr_pri_blocks=26452502_340081075_2_42_0__73600;srepoch=1672651764;srpvid=af6f3f1568480042;type=total;ucfs=1&#hotelTmpl
OW Zakopiec,"Jaszczurówka 23C, 34-500 Zakopane",8.3,8.3,1113,4.0,Tak,8.2,https://www.booking.com/hotel/pl/ow-zakopiec-zakopane.pl.html?aid=1610693&label=zakopane-OAnLUZSnN_da9Js3vK8mVgS553291515559%3Apl%3Ata%3Ap1%3Ap2%3Aac%3Aap%3Aneg%3Afi%3Atikwd-314580730301%3Alp1011373%3Ali%3Adec%3Adm%3Appccp%3DUmFuZG9tSVYkc2RlIyh9YcTrZg6rgS-Qaywgz7apUDg&sid=150eef8fe658ed97e5a5a5550a5f67da&all_sr_blocks=39390901_364896426_2_1_0;checkin=2023-01-30;checkout=2023-02-03;dest_id=-538221;dest_type=city;dist=0;group_adults=2;group_children=0;hapos=52;highlighted_blocks=39390901_364896426_2_1_0;hpos=2;matching_block_id=39390901_364896426_2_1_0;no_rooms=1;req_adults=2;req_children=0;room1=A%2CA;sb_price_type=total;sr_order=popularity;sr_pri_blocks=39390901_364896426_2_1_0__111264;srepoch=1672653951;srpvid=af6f3f1568480042;type=total;ucfs=1&#hotelTmpl
"Pokoje u
Biegańskich
centrum","9c Juliana Tuwima, 34-500 Zakopane",9.0,9.5,899,1.4,Nie,9.8,https://www.booking.com/hotel/pl/pokoje-u-bieganskich-zakopane1.pl.html?aid=1610693&label=zakopane-OAnLUZSnN_da9Js3vK8mVgS553291515559%3Apl%3Ata%3Ap1%3Ap2%3Aac%3Aap%3Aneg%3Afi%3Atikwd-314580730301%3Alp1011373%3Ali%3Adec%3Adm%3Appccp%3DUmFuZG9tSVYkc2RlIyh9YcTrZg6rgS-Qaywgz7apUDg&sid=150eef8fe658ed97e5a5a5550a5f67da&all_sr_blocks=812328504_343523161_2_0_0;checkin=2023-01-30;checkout=2023-02-03;dest_id=-538221;dest_type=city;dist=0;group_adults=2;group_children=0;hapos=54;highlighted_blocks=812328504_343523161_2_0_0;hpos=4;matching_block_id=812328504_343523161_2_0_0;no_rooms=1;req_adults=2;req_children=0;room1=A%2CA;sb_price_type=total;sr_order=popularity;sr_pri_blocks=812328504_343523161_2_0_0__89920;srepoch=1672653951;srpvid=af6f3f1568480042;type=total;ucfs=1&#hotelTmpl
Koci Zamek,"Droga na Antałówkę 2, 34-500 Zakopane",8.8,9.2,798,2.2,Tak,8.9,https://www.booking.com/hotel/pl/koci-zamek.pl.html?label=gog235jc-1DCAEoggI46AdIHlgDaLYBiAEBmAEeuAEXyAEP2AED6AEB-AECiAIBqAIDuAKu37adBsACAdICJGQxOGIxMmI4LWU3MDUtNDQ0Yi04NDY5LWFlMmJkOGMxZjY4NNgCBOACAQ&sid=dc0fccb21b48c7ed9f9551fae1b2e99e&aid=397594&ucfs=1&arphpl=1&checkin=2023-01-30&checkout=2023-02-03&dest_id=-538221&dest_type=city&group_adults=2&req_adults=2&no_rooms=1&group_children=0&req_children=0&hpos=3&hapos=78&sr_order=popularity&srpvid=7474766610e4002c&srepoch=1672678305&all_sr_blocks=296063511_329654149_2_0_0&highlighted_blocks=296063511_329654149_2_0_0&matching_block_id=296063511_329654149_2_0_0&sr_pri_blocks=296063511_329654149_2_0_0__79800&from_sustainable_property_sr=1&from=searchresults&map_fdco=1#hotelTmpl
Apartamenty Mecenasówka,"22 Kościeliska, 34-500 Zakopane",9.2,9.6,1816,0.7,Tak,9.5,https://www.booking.com/hotel/pl/apartamenty-mecenasowka.pl.html?label=gog235jc-1DCAEoggI46AdIHlgDaLYBiAEBmAEeuAEXyAEP2AED6AEB-AECiAIBqAIDuAKu37adBsACAdICJGQxOGIxMmI4LWU3MDUtNDQ0Yi04NDY5LWFlMmJkOGMxZjY4NNgCBOACAQ&sid=dc0fccb21b48c7ed9f9551fae1b2e99e&aid=397594&ucfs=1&arphpl=1&checkin=2023-01-30&checkout=2023-02-03&dest_id=-538221&dest_type=city&group_adults=2&req_adults=2&no_rooms=1&group_children=0&req_children=0&hpos=4&hapos=79&sr_order=popularity&srpvid=7474766610e4002c&srepoch=1672678305&all_sr_blocks=582165501_329719775_2_0_0&highlighted_blocks=582165501_329719775_2_0_0&matching_block_id=582165501_329719775_2_0_0&sr_pri_blocks=582165501_329719775_2_0_0__181600&from=searchresults&map_fdco=1#hotelTmpl
5 kroków,"Juliusza Zborowskiego 5, 34-500 Zakopane",8.8,9.8,856,0.15,Nie,8.8,https://www.booking.com/hotel/pl/5-krokow.pl.html?label=gog235jc-1DCAEoggI46AdIHlgDaLYBiAEBmAEeuAEXyAEP2AED6AEB-AECiAIBqAIDuAKu37adBsACAdICJGQxOGIxMmI4LWU3MDUtNDQ0Yi04NDY5LWFlMmJkOGMxZjY4NNgCBOACAQ&sid=dc0fccb21b48c7ed9f9551fae1b2e99e&aid=397594&ucfs=1&arphpl=1&checkin=2023-01-30&checkout=2023-02-03&dest_id=-538221&dest_type=city&group_adults=2&req_adults=2&no_rooms=1&group_children=0&req_children=0&hpos=6&hapos=81&sr_order=popularity&srpvid=7474766610e4002c&srepoch=1672678305&all_sr_blocks=496719705_167399287_2_0_0&highlighted_blocks=496719705_167399287_2_0_0&matching_block_id=496719705_167399287_2_0_0&sr_pri_blocks=496719705_167399287_2_0_0__85600&from=searchresults&map_fdco=1#hotelTmpl
Rezydencja na Szymoszkowej,"Droga na Szymoszkową 3, 34-500 Zakopane",9.5,9.2,1672,1.4,Tak,9.6,https://www.booking.com/hotel/pl/rezydencja-na-szymoszkowej.pl.html?label=gog235jc-1DCAEoggI46AdIHlgDaLYBiAEBmAEeuAEXyAEP2AED6AEB-AECiAIBqAIDuAKu37adBsACAdICJGQxOGIxMmI4LWU3MDUtNDQ0Yi04NDY5LWFlMmJkOGMxZjY4NNgCBOACAQ&sid=dc0fccb21b48c7ed9f9551fae1b2e99e&aid=397594&ucfs=1&arphpl=1&checkin=2023-01-30&checkout=2023-02-03&dest_id=-538221&dest_type=city&group_adults=2&req_adults=2&no_rooms=1&group_children=0&req_children=0&hpos=11&hapos=86&sr_order=popularity&srpvid=7474766610e4002c&srepoch=1672678305&all_sr_blocks=164389506_230213115_2_0_0&highlighted_blocks=164389506_230213115_2_0_0&matching_block_id=164389506_230213115_2_0_0&sr_pri_blocks=164389506_230213115_2_0_0__167200&from_sustainable_property_sr=1&from=searchresults&map_fdco=1#hotelTmpl
"Apartamenty ""Pod Tatrami""","ul.Króle 40, 34-500 Zakopane",9.5,8.9,1016,2.6,Tak,9.5,https://www.booking.com/hotel/pl/apartamenty-quot-pod-tatrami-quot.pl.html?label=gog235jc-1DCAEoggI46AdIHlgDaLYBiAEBmAEeuAEXyAEP2AED6AEB-AECiAIBqAIDuAKu37adBsACAdICJGQxOGIxMmI4LWU3MDUtNDQ0Yi04NDY5LWFlMmJkOGMxZjY4NNgCBOACAQ&sid=dc0fccb21b48c7ed9f9551fae1b2e99e&aid=397594&ucfs=1&arphpl=1&checkin=2023-01-30&checkout=2023-02-03&dest_id=-538221&dest_type=city&group_adults=2&req_adults=2&no_rooms=1&group_children=0&req_children=0&hpos=13&hapos=88&sr_order=popularity&srpvid=7474766610e4002c&srepoch=1672678305&all_sr_blocks=295847305_138112711_2_0_0&highlighted_blocks=295847305_138112711_2_0_0&matching_block_id=295847305_138112711_2_0_0&sr_pri_blocks=295847305_138112711_2_0_0__101600&from=searchresults&map_fdco=1#hotelTmpl
Kraina Smaku,"Janosówka 13, 34-500 Zakopane",9.2,8.6,1426,3.4,Tak,9.3,https://www.booking.com/hotel/pl/kraina-smaku-zakopane.pl.html?label=gog235jc-1DCAEoggI46AdIHlgDaLYBiAEBmAEeuAEXyAEP2AED6AEB-AECiAIBqAIDuAKu37adBsACAdICJGQxOGIxMmI4LWU3MDUtNDQ0Yi04NDY5LWFlMmJkOGMxZjY4NNgCBOACAQ&sid=dc0fccb21b48c7ed9f9551fae1b2e99e&aid=397594&ucfs=1&arphpl=1&checkin=2023-01-30&checkout=2023-02-03&dest_id=-538221&dest_type=city&group_adults=2&req_adults=2&no_rooms=1&group_children=0&req_children=0&hpos=16&hapos=91&sr_order=popularity&srpvid=7474766610e4002c&srepoch=1672678305&all_sr_blocks=124666506_89109572_2_1_0&highlighted_blocks=124666506_89109572_2_1_0&matching_block_id=124666506_89109572_2_1_0&sr_pri_blocks=124666506_89109572_2_1_0__142576&from_sustainable_property_sr=1&from=searchresults&map_fdco=1#hotelTmpl
Pensjonat Orla Perc,"Pardałowka 14, 34-500 Zakopane",9.2,9.0,1260,2.2,Tak,9.3,https://www.booking.com/hotel/pl/orlaperczakopane.pl.html?label=gog235jc-1DCAEoggI46AdIHlgDaLYBiAEBmAEeuAEXyAEP2AED6AEB-AECiAIBqAIDuAKu37adBsACAdICJGQxOGIxMmI4LWU3MDUtNDQ0Yi04NDY5LWFlMmJkOGMxZjY4NNgCBOACAQ&sid=dc0fccb21b48c7ed9f9551fae1b2e99e&aid=397594&ucfs=1&arphpl=1&checkin=2023-01-30&checkout=2023-02-03&dest_id=-538221&dest_type=city&group_adults=2&req_adults=2&no_rooms=1&group_children=0&req_children=0&hpos=23&hapos=98&sr_order=popularity&srpvid=7474766610e4002c&srepoch=1672678305&all_sr_blocks=8722901_89062596_0_1_0&highlighted_blocks=8722901_89062596_0_1_0&matching_block_id=8722901_89062596_0_1_0&sr_pri_blocks=8722901_89062596_0_1_0__126000&from=searchresults&map_fdco=1#hotelTmpl
Apartamenty Willa Anna,"21 Nowotarska, 34-500 Zakopane",9.5,10,816,0.5,Nie,8.8,https://www.booking.com/hotel/pl/apartamenty-willa-anna.pl.html?label=gog235jc-1DCAEoggI46AdIHlgDaLYBiAEBmAEeuAEXyAEP2AED6AEB-AECiAIBqAIDuAKu37adBsACAdICJGQxOGIxMmI4LWU3MDUtNDQ0Yi04NDY5LWFlMmJkOGMxZjY4NNgCBOACAQ&sid=dc0fccb21b48c7ed9f9551fae1b2e99e&aid=397594&ucfs=1&arphpl=1&checkin=2023-01-30&checkout=2023-02-03&dest_id=-538221&dest_type=city&group_adults=2&req_adults=2&no_rooms=1&group_children=0&req_children=0&hpos=5&hapos=105&sr_order=popularity&srpvid=7474766610e4002c&srepoch=1672679768&all_sr_blocks=932356908_365326746_2_0_0&highlighted_blocks=932356908_365326746_2_0_0&matching_block_id=932356908_365326746_2_0_0&sr_pri_blocks=932356908_365326746_2_0_0__81600&from=searchresults&map_fdco=1#hotelTmpl
Willa u Zwijazczy,"Paryskich 1, 34-500 Zakopane",9.0,8.6,1388,2.2,Tak,9.2,https://www.booking.com/hotel/pl/willa-u-zwijaczy.pl.html?label=gog235jc-1DCAEoggI46AdIHlgDaLYBiAEBmAEeuAEXyAEP2AED6AEB-AECiAIBqAIDuAKu37adBsACAdICJGQxOGIxMmI4LWU3MDUtNDQ0Yi04NDY5LWFlMmJkOGMxZjY4NNgCBOACAQ&sid=dc0fccb21b48c7ed9f9551fae1b2e99e&aid=397594&ucfs=1&arphpl=1&checkin=2023-01-30&checkout=2023-02-03&dest_id=-538221&dest_type=city&group_adults=2&req_adults=2&no_rooms=1&group_children=0&req_children=0&hpos=6&hapos=106&sr_order=popularity&srpvid=7474766610e4002c&srepoch=1672679768&all_sr_blocks=179911502_361609182_2_1_0&highlighted_blocks=179911502_361609182_2_1_0&matching_block_id=179911502_361609182_2_1_0&sr_pri_blocks=179911502_361609182_2_1_0__138800&from_sustainable_property_sr=1&from=searchresults&map_fdco=1#hotelTmpl
Tamok Lifestyle Villa,"Strążyska 4, 34-500 Zakopane",9.7,9.6,1916,1.0,Tak,9.7,https://www.booking.com/hotel/pl/tamok-lifestyle-villa.pl.html?label=gog235jc-1DCAEoggI46AdIHlgDaLYBiAEBmAEeuAEXyAEP2AED6AEB-AECiAIBqAIDuAKu37adBsACAdICJGQxOGIxMmI4LWU3MDUtNDQ0Yi04NDY5LWFlMmJkOGMxZjY4NNgCBOACAQ&sid=dc0fccb21b48c7ed9f9551fae1b2e99e&aid=397594&ucfs=1&arphpl=1&checkin=2023-01-30&checkout=2023-02-03&dest_id=-538221&dest_type=city&group_adults=2&req_adults=2&no_rooms=1&group_children=0&req_children=0&hpos=8&hapos=108&sr_order=popularity&srpvid=7474766610e4002c&srepoch=1672679768&all_sr_blocks=567147201_215684912_2_0_0&highlighted_blocks=567147201_215684912_2_0_0&matching_block_id=567147201_215684912_2_0_0&sr_pri_blocks=567147201_215684912_2_0_0__191600&from_sustainable_property_sr=1&from=searchresults&map_fdco=1#hotelTmpl
Krupówki 40,"40 Krupówki, 34-500 Zakopane",8.8,9.8,1346,0.35,Nie,8.8,https://www.booking.com/hotel/pl/krupowki-40-pokoje-na-wynajem.pl.html?label=gog235jc-1DCAEoggI46AdIHlgDaLYBiAEBmAEeuAEXyAEP2AED6AEB-AECiAIBqAIDuAKu37adBsACAdICJGQxOGIxMmI4LWU3MDUtNDQ0Yi04NDY5LWFlMmJkOGMxZjY4NNgCBOACAQ&sid=dc0fccb21b48c7ed9f9551fae1b2e99e&aid=397594&ucfs=1&arphpl=1&checkin=2023-01-30&checkout=2023-02-03&dest_id=-538221&dest_type=city&group_adults=2&req_adults=2&no_rooms=1&group_children=0&req_children=0&hpos=9&hapos=109&sr_order=popularity&srpvid=7474766610e4002c&srepoch=1672679768&all_sr_blocks=655976407_268960873_2_2_0&highlighted_blocks=655976407_268960873_2_2_0&matching_block_id=655976407_268960873_2_2_0&sr_pri_blocks=655976407_268960873_2_2_0__134640&from=searchresults&map_fdco=1#hotelTmpl
Przytulia Apartamenty i Pokoje,"Kościeliska 10, 34-500 Zakopane",9.2,9.8,1224,0.5,Tak,8.8,https://www.booking.com/hotel/pl/pokoje-goscinne-koscieliska-10.pl.html?label=gog235jc-1DCAEoggI46AdIHlgDaLYBiAEBmAEeuAEXyAEP2AED6AEB-AECiAIBqAIDuAKu37adBsACAdICJGQxOGIxMmI4LWU3MDUtNDQ0Yi04NDY5LWFlMmJkOGMxZjY4NNgCBOACAQ&sid=dc0fccb21b48c7ed9f9551fae1b2e99e&aid=397594&ucfs=1&arphpl=1&checkin=2023-01-30&checkout=2023-02-03&dest_id=-538221&dest_type=city&group_adults=2&req_adults=2&no_rooms=1&group_children=0&req_children=0&hpos=14&hapos=114&sr_order=popularity&srpvid=7474766610e4002c&srepoch=1672679768&all_sr_blocks=695283106_364478275_2_0_0&highlighted_blocks=695283106_364478275_2_0_0&matching_block_id=695283106_364478275_2_0_0&sr_pri_blocks=695283106_364478275_2_0_0__122400&from=searchresults&map_fdco=1#hotelTmpl
VisitZakopane - Stone Apartment,"14a Za Strugiem, 34-500 Zakopane","8,1","8,8",2469,"0,7",Tak,"8,1",https://www.booking.com/hotel/pl/stone-apartment-visitzakopane.pl.html?aid=397594&label=gog235jc-1FCAEoggI46AdIHlgDaLYBiAEBmAEeuAEXyAEP2AEB6AEB-AECiAIBqAIDuAKu37adBsACAdICJGQxOGIxMmI4LWU3MDUtNDQ0Yi04NDY5LWFlMmJkOGMxZjY4NNgCBeACAQ&sid=9bb94bfd7d615d87d522ab516d1ed4f3&all_sr_blocks=384515101_355118943_2_2_0;checkin=2023-01-30;checkout=2023-02-03;dest_id=-538221;dest_type=city;dist=0;group_adults=2;group_children=0;hapos=1;highlighted_blocks=384515101_355118943_2_2_0;hpos=1;matching_block_id=384515101_355118943_2_2_0;no_rooms=1;req_adults=2;req_children=0;room1=A%2CA;sb_price_type=total;sr_order=closest_ski_lift_distance;sr_pri_blocks=384515101_355118943_2_2_0__246866;srepoch=1672691253;srpvid=2f548fba17610342;type=total;ucfs=1&#hotelTmpl
STACJA NOSAL Apartamenty,"30 Droga Oswalda Balzera, 34-500 Zakopane","9,7","9,4",3569,"2,7",Tak,10,https://www.booking.com/hotel/pl/apartamenty-polana-pod-nosalem-wschod-zakopane.pl.html?aid=397594&label=gog235jc-1FCAEoggI46AdIHlgDaLYBiAEBmAEeuAEXyAEP2AEB6AEB-AECiAIBqAIDuAKu37adBsACAdICJGQxOGIxMmI4LWU3MDUtNDQ0Yi04NDY5LWFlMmJkOGMxZjY4NNgCBeACAQ&sid=9bb94bfd7d615d87d522ab516d1ed4f3&all_sr_blocks=916928303_363208819_4_0_0;checkin=2023-01-30;checkout=2023-02-03;dest_id=-538221;dest_type=city;dist=0;group_adults=2;group_children=0;hapos=2;highlighted_blocks=916928303_363208819_4_0_0;hpos=2;matching_block_id=916928303_363208819_4_0_0;no_rooms=1;req_adults=2;req_children=0;room1=A%2CA;sb_price_type=total;sr_order=closest_ski_lift_distance;sr_pri_blocks=916928303_363208819_4_0_0__356900;srepoch=1672691253;srpvid=2f548fba17610342;type=total;ucfs=1&#hotelTmpl
Karczma Mikuda,"ul.Podhalańska 73, 34-500 Zakopane","8,2","8,5",858,"2,6",Tak,8,https://www.booking.com/hotel/pl/karczma-mikuda.pl.html?aid=397594&label=gog235jc-1FCAEoggI46AdIHlgDaLYBiAEBmAEeuAEXyAEP2AEB6AEB-AECiAIBqAIDuAKu37adBsACAdICJGQxOGIxMmI4LWU3MDUtNDQ0Yi04NDY5LWFlMmJkOGMxZjY4NNgCBeACAQ&sid=9bb94bfd7d615d87d522ab516d1ed4f3&all_sr_blocks=626377103_243847367_2_34_0;checkin=2023-01-30;checkout=2023-02-03;dest_id=-538221;dest_type=city;dist=0;group_adults=2;group_children=0;hapos=4;highlighted_blocks=626377103_243847367_2_34_0;hpos=4;matching_block_id=626377103_243847367_2_34_0;no_rooms=1;req_adults=2;req_children=0;room1=A%2CA;sb_price_type=total;sr_order=closest_ski_lift_distance;sr_pri_blocks=626377103_243847367_2_34_0__85750;srepoch=1672691253;srpvid=2f548fba17610342;type=total;ucfs=1&#hotelTmpl
Apartament pod Nosalem,"Balzera 22a, 34-500 Zakopane","9,4","9,8",1437,"2,6",Tak,"9,5",https://www.booking.com/hotel/pl/apartament-pod-nosalem-zakopane.pl.html?aid=397594&label=gog235jc-1FCAEoggI46AdIHlgDaLYBiAEBmAEeuAEXyAEP2AEB6AEB-AECiAIBqAIDuAKu37adBsACAdICJGQxOGIxMmI4LWU3MDUtNDQ0Yi04NDY5LWFlMmJkOGMxZjY4NNgCBeACAQ&sid=9bb94bfd7d615d87d522ab516d1ed4f3&all_sr_blocks=251434401_194889043_2_0_0;checkin=2023-01-30;checkout=2023-02-03;dest_id=-538221;dest_type=city;dist=0;group_adults=2;group_children=0;hapos=5;highlighted_blocks=251434401_194889043_2_0_0;hpos=5;matching_block_id=251434401_194889043_2_0_0;no_rooms=1;req_adults=2;req_children=0;room1=A%2CA;sb_price_type=total;sr_order=closest_ski_lift_distance;sr_pri_blocks=251434401_194889043_2_0_0__143720;srepoch=1672691253;srpvid=2f548fba17610342;type=total;ucfs=1&#hotelTmpl
Mała Bawaria,"ul. Gubałówka 223A 223A, 34-500 Zakopane","8,8","8,1",916,"1,9",Tak,"8,8",https://www.booking.com/hotel/pl/mala-bawaria.pl.html?aid=397594&label=gog235jc-1FCAEoggI46AdIHlgDaLYBiAEBmAEeuAEXyAEP2AEB6AEB-AECiAIBqAIDuAKu37adBsACAdICJGQxOGIxMmI4LWU3MDUtNDQ0Yi04NDY5LWFlMmJkOGMxZjY4NNgCBeACAQ&sid=9bb94bfd7d615d87d522ab516d1ed4f3&all_sr_blocks=872920001_356075940_2_2_0;checkin=2023-01-30;checkout=2023-02-03;dest_id=-538221;dest_type=city;dist=0;group_adults=2;group_children=0;hapos=6;highlighted_blocks=872920001_356075940_2_2_0;hpos=6;matching_block_id=872920001_356075940_2_2_0;no_rooms=1;req_adults=2;req_children=0;room1=A%2CA;sb_price_type=total;sr_order=closest_ski_lift_distance;sr_pri_blocks=872920001_356075940_2_2_0__91600;srepoch=1672691253;srpvid=2f548fba17610342;type=total;ucfs=1&#hotelTmpl
Willa Cetynka,"Gubałówka 215C, 34-500 Zakopane","8,7","9,1",1216,2,Tak,"8,5",https://www.booking.com/hotel/pl/willa-cetynka-zakopane.pl.html?aid=397594&label=gog235jc-1FCAEoggI46AdIHlgDaLYBiAEBmAEeuAEXyAEP2AEB6AEB-AECiAIBqAIDuAKu37adBsACAdICJGQxOGIxMmI4LWU3MDUtNDQ0Yi04NDY5LWFlMmJkOGMxZjY4NNgCBeACAQ&sid=9bb94bfd7d615d87d522ab516d1ed4f3&all_sr_blocks=24885506_289815460_2_33_0;checkin=2023-01-30;checkout=2023-02-03;dest_id=-538221;dest_type=city;dist=0;group_adults=2;group_children=0;hapos=7;highlighted_blocks=24885506_289815460_2_33_0;hpos=7;matching_block_id=24885506_289815460_2_33_0;no_rooms=1;req_adults=2;req_children=0;room1=A%2CA;sb_price_type=total;sr_order=closest_ski_lift_distance;sr_pri_blocks=24885506_289815460_2_33_0__121600;srepoch=1672691253;srpvid=2f548fba17610342;type=total;ucfs=1&#hotelTmpl
Apartament Dwie Doliny,"24b Droga Oswalda Balzera, 34-500 Zakopane","9,7","9,8",1935,"2,6",Tak,"9,7",https://www.booking.com/hotel/pl/apartament-dwie-doliny.pl.html?aid=397594&label=gog235jc-1FCAEoggI46AdIHlgDaLYBiAEBmAEeuAEXyAEP2AEB6AEB-AECiAIBqAIDuAKu37adBsACAdICJGQxOGIxMmI4LWU3MDUtNDQ0Yi04NDY5LWFlMmJkOGMxZjY4NNgCBeACAQ&sid=9bb94bfd7d615d87d522ab516d1ed4f3&all_sr_blocks=756736101_332549703_3_0_0;checkin=2023-01-30;checkout=2023-02-03;dest_id=-538221;dest_type=city;dist=0;group_adults=2;group_children=0;hapos=8;highlighted_blocks=756736101_332549703_3_0_0;hpos=8;matching_block_id=756736101_332549703_3_0_0;no_rooms=1;req_adults=2;req_children=0;room1=A%2CA;sb_price_type=total;sr_order=closest_ski_lift_distance;sr_pri_blocks=756736101_332549703_3_0_0__193462;srepoch=1672691253;srpvid=2f548fba17610342;type=total;ucfs=1&#hotelTmpl
Zakopane Willa Czajka,"ul. Czajki 24, 34-511 Zakopane","9,2","9,4",1982,"2,3",Tak,"9,1",https://www.booking.com/hotel/pl/zakopane-willa-czajka-zakopane.pl.html?label=gog235jc-1DCAEoggI46AdIHlgDaLYBiAEBmAEeuAEXyAEP2AED6AEB-AECiAIBqAIDuAKu37adBsACAdICJGQxOGIxMmI4LWU3MDUtNDQ0Yi04NDY5LWFlMmJkOGMxZjY4NNgCBOACAQ&sid=dc0fccb21b48c7ed9f9551fae1b2e99e&aid=397594&ucfs=1&arphpl=1&checkin=2023-01-30&checkout=2023-02-03&dest_id=-538221&dest_type=city&group_adults=2&req_adults=2&no_rooms=1&group_children=0&req_children=0&hpos=9&hapos=9&sr_order=closest_ski_lift_distance&srpvid=2f548fba17610342&srepoch=1672691253&all_sr_blocks=424569411_128555585_2_2_0&highlighted_blocks=424569411_128555585_2_2_0&matching_block_id=424569411_128555585_2_2_0&sr_pri_blocks=424569411_128555585_2_2_0__198220&from=searchresults&map_fdco=1#hotelTmpl
WHY NOT Apartamenty Widokowy CZAR,"2 Szymaszkowa, 34-500 Zakopane","9,5","9,5",2978,"1,7",Tak,"9,7",https://www.booking.com/hotel/pl/why-not-apartamenty-widokowe-szymaszkowa.pl.html?label=gog235jc-1DCAEoggI46AdIHlgDaLYBiAEBmAEeuAEXyAEP2AED6AEB-AECiAIBqAIDuAKu37adBsACAdICJGQxOGIxMmI4LWU3MDUtNDQ0Yi04NDY5LWFlMmJkOGMxZjY4NNgCBOACAQ&sid=dc0fccb21b48c7ed9f9551fae1b2e99e&aid=397594&ucfs=1&arphpl=1&checkin=2023-01-30&checkout=2023-02-03&dest_id=-538221&dest_type=city&group_adults=2&req_adults=2&no_rooms=1&group_children=0&req_children=0&hpos=12&hapos=12&sr_order=closest_ski_lift_distance&srpvid=2f548fba17610342&srepoch=1672691253&all_sr_blocks=750385201_331401752_3_0_0&highlighted_blocks=750385201_331401752_3_0_0&matching_block_id=750385201_331401752_3_0_0&sr_pri_blocks=750385201_331401752_3_0_0__297822&from=searchresults&map_fdco=1#hotelTmpl
Willa Jafer - Zakopane Centrum,"ul.Ks.Józefa Stolarczyka 9 a, 34-500 Zakopane","8,4","9,5",976,"0,6",Tak,"8,7",https://www.booking.com/hotel/pl/willa-jafer.pl.html?aid=397594&label=gog235jc-1FCAEoggI46AdIHlgDaLYBiAEBmAEeuAEXyAEP2AEB6AEB-AECiAIBqAIDuAKu37adBsACAdICJGQxOGIxMmI4LWU3MDUtNDQ0Yi04NDY5LWFlMmJkOGMxZjY4NNgCBeACAQ&sid=9bb94bfd7d615d87d522ab516d1ed4f3&all_sr_blocks=127940502_329765434_2_0_0;checkin=2023-01-30;checkout=2023-02-03;dest_id=-538221;dest_type=city;dist=0;group_adults=2;group_children=0;hapos=13;highlighted_blocks=127940502_329765434_2_0_0;hpos=13;matching_block_id=127940502_329765434_2_0_0;no_rooms=1;req_adults=2;req_children=0;room1=A%2CA;sb_price_type=total;sr_order=closest_ski_lift_distance;sr_pri_blocks=127940502_329765434_2_0_0__97600;srepoch=1672691253;srpvid=2f548fba17610342;type=total;ucfs=1&#hotelTmpl
IJG Imperial Apartamenty Szymaszkowa,"Szymaszkowa 2A, 34-500 Zakopane","9,7","9,7",4093,"1,7",Tak,"9,9",https://www.booking.com/hotel/pl/ijg-imperial-apartamenty-szymaszkowa.pl.html?aid=397594&label=gog235jc-1FCAEoggI46AdIHlgDaLYBiAEBmAEeuAEXyAEP2AEB6AEB-AECiAIBqAIDuAKu37adBsACAdICJGQxOGIxMmI4LWU3MDUtNDQ0Yi04NDY5LWFlMmJkOGMxZjY4NNgCBeACAQ&sid=9bb94bfd7d615d87d522ab516d1ed4f3&all_sr_blocks=812780801_343575091_2_0_0;checkin=2023-01-30;checkout=2023-02-03;dest_id=-538221;dest_type=city;dist=0;group_adults=2;group_children=0;hapos=14;highlighted_blocks=812780801_343575091_2_0_0;hpos=14;matching_block_id=812780801_343575091_2_0_0;no_rooms=1;req_adults=2;req_children=0;room1=A%2CA;sb_price_type=total;sr_order=closest_ski_lift_distance;sr_pri_blocks=812780801_343575091_2_0_0__409260;srepoch=1672691253;srpvid=2f548fba17610342;type=total;ucfs=1&#hotelTmpl
Willa Przy Skoczni 2,"21 Karola Szymanowskiego, 34-500 Zakopane","8,5","9,4",1138,"1,7",Tak,"8,7",https://www.booking.com/hotel/pl/studio-de-lux-skocznia.pl.html?aid=397594&label=gog235jc-1FCAEoggI46AdIHlgDaLYBiAEBmAEeuAEXyAEP2AEB6AEB-AECiAIBqAIDuAKu37adBsACAdICJGQxOGIxMmI4LWU3MDUtNDQ0Yi04NDY5LWFlMmJkOGMxZjY4NNgCBeACAQ&sid=9bb94bfd7d615d87d522ab516d1ed4f3&all_sr_blocks=440421001_203439002_3_0_0;checkin=2023-01-30;checkout=2023-02-03;dest_id=-538221;dest_type=city;dist=0;group_adults=2;group_children=0;hapos=17;highlighted_blocks=440421001_203439002_3_0_0;hpos=17;matching_block_id=440421001_203439002_3_0_0;no_rooms=1;req_adults=2;req_children=0;room1=A%2CA;sb_price_type=total;sr_order=closest_ski_lift_distance;sr_pri_blocks=440421001_203439002_3_0_0__113800;srepoch=1672691253;srpvid=2f548fba17610342;type=total;ucfs=1&#hotelTmpl
"
Willa Pod Niebem","ul. Stanisława Zubka 3, 34-500 Zakopane","9,2","9,3",1138,2,Tak,"9,3",https://www.booking.com/hotel/pl/willa-pod-niebem.pl.html?label=gog235jc-1DCAEoggI46AdIHlgDaLYBiAEBmAEeuAEXyAEP2AED6AEB-AECiAIBqAIDuAKu37adBsACAdICJGQxOGIxMmI4LWU3MDUtNDQ0Yi04NDY5LWFlMmJkOGMxZjY4NNgCBOACAQ&sid=dc0fccb21b48c7ed9f9551fae1b2e99e&aid=397594&ucfs=1&arphpl=1&checkin=2023-01-30&checkout=2023-02-03&dest_id=-538221&dest_type=city&group_adults=2&req_adults=2&no_rooms=1&group_children=0&req_children=0&hpos=19&hapos=19&sr_order=closest_ski_lift_distance&srpvid=2f548fba17610342&srepoch=1672691253&all_sr_blocks=660601407_270626911_2_2_0&highlighted_blocks=660601407_270626911_2_2_0&matching_block_id=660601407_270626911_2_2_0&sr_pri_blocks=660601407_270626911_2_2_0__113800&from=searchresults&map_fdco=1#hotelTmpl
VisitZakopane - Tatra Ski Apartment,"Szymoszkowa 3 C2, 34-500 Zakopane","9,4","9,2",3591,"1,5",Tak,"9,4",https://www.booking.com/hotel/pl/tatra-ski-apartment-visitzakopane.pl.html?label=gog235jc-1DCAEoggI46AdIHlgDaLYBiAEBmAEeuAEXyAEP2AED6AEB-AECiAIBqAIDuAKu37adBsACAdICJGQxOGIxMmI4LWU3MDUtNDQ0Yi04NDY5LWFlMmJkOGMxZjY4NNgCBOACAQ&sid=dc0fccb21b48c7ed9f9551fae1b2e99e&aid=397594&ucfs=1&arphpl=1&checkin=2023-01-30&checkout=2023-02-03&dest_id=-538221&dest_type=city&group_adults=2&req_adults=2&no_rooms=1&group_children=0&req_children=0&hpos=20&hapos=20&sr_order=closest_ski_lift_distance&srpvid=2f548fba17610342&srepoch=1672691253&all_sr_blocks=331386901_355118953_2_2_0&highlighted_blocks=331386901_355118953_2_2_0&matching_block_id=331386901_355118953_2_2_0&sr_pri_blocks=331386901_355118953_2_2_0__359066&from=searchresults&map_fdco=1#hotelTmpl
Willa Rys,"Droga na Antałówkę 15, 34-500 Zakopane, Polska","8,8","8,9",1063,"2,3",Tak,"8,9",https://www.booking.com/hotel/pl/willa-rys-zakopane.pl.html?aid=397594&label=gog235jc-1FCAEoggI46AdIHlgDaLYBiAEBmAEeuAEXyAEP2AEB6AEB-AECiAIBqAIDuAKu37adBsACAdICJGQxOGIxMmI4LWU3MDUtNDQ0Yi04NDY5LWFlMmJkOGMxZjY4NNgCBeACAQ&sid=49a96f794188bdcef7cf48709d19573d&all_sr_blocks=104085708_120527347_0_2_0;checkin=2023-01-30;checkout=2023-02-03;dest_id=-538221;dest_type=city;dist=0;group_adults=2;group_children=0;hapos=1;highlighted_blocks=104085708_120527347_0_2_0;hpos=1;matching_block_id=104085708_120527347_0_2_0;no_rooms=1;req_adults=2;req_children=0;room1=A%2CA;sb_price_type=total;sr_order=popularity;sr_pri_blocks=104085708_120527347_0_2_0__106320;srepoch=1672731001;srpvid=b14934bb268c046c;type=total;ucfs=1&#map_closed
Gerlach,"Generała Boruty-Spiechowicza 2/3/1, 34-500 Zakopane","9,8","9,4",1856,"2,8",Tak,"9,9",https://www.booking.com/hotel/pl/gerlach-zakopane.pl.html?aid=397594&label=gog235jc-1FCAEoggI46AdIHlgDaLYBiAEBmAEeuAEXyAEP2AEB6AEB-AECiAIBqAIDuAKu37adBsACAdICJGQxOGIxMmI4LWU3MDUtNDQ0Yi04NDY5LWFlMmJkOGMxZjY4NNgCBeACAQ&sid=49a96f794188bdcef7cf48709d19573d&all_sr_blocks=324277801_260314368_4_0_0;checkin=2023-01-30;checkout=2023-02-03;dest_id=-538221;dest_type=city;dist=0;group_adults=2;group_children=0;hapos=978;highlighted_blocks=324277801_260314368_4_0_0;hpos=3;matching_block_id=324277801_260314368_4_0_0;no_rooms=1;req_adults=2;req_children=0;room1=A%2CA;sb_price_type=total;sr_order=popularity;sr_pri_blocks=324277801_260314368_4_0_0__185600;srepoch=1672731741;srpvid=b14934bb268c046c;type=total;ucfs=1&#tab-main
Lelujowy Apartament,"39 Stefana Żeromskiego, 34-500 Zakopane","9,3","9,2",2040,"1,7",Tak,"8,3",https://www.booking.com/hotel/pl/lelujowy-apartament.pl.html?label=gog235jc-1DCAEoggI46AdIHlgDaLYBiAEBmAEeuAEXyAEP2AED6AEB-AECiAIBqAIDuAKu37adBsACAdICJGQxOGIxMmI4LWU3MDUtNDQ0Yi04NDY5LWFlMmJkOGMxZjY4NNgCBOACAQ&sid=dc0fccb21b48c7ed9f9551fae1b2e99e&aid=397594&ucfs=1&arphpl=1&checkin=2023-01-30&checkout=2023-02-03&dest_id=-538221&dest_type=city&group_adults=2&req_adults=2&no_rooms=1&group_children=0&req_children=0&hpos=5&hapos=980&sr_order=popularity&srpvid=b14934bb268c046c&srepoch=1672731741&all_sr_blocks=863180801_355556996_2_0_0&highlighted_blocks=863180801_355556996_2_0_0&matching_block_id=863180801_355556996_2_0_0&sr_pri_blocks=863180801_355556996_2_0_0__204000&from=searchresults&map_fdco=1#hotelTmpl
Golden Apartments&P41,"41 Pardałówka, 34-500 Zakopane","7,8","8,7",1850,3,Nie,"8,7",https://www.booking.com/hotel/pl/cozy-and-bright-golden-apartments-zakopane-amp-p41.pl.html?aid=397594&label=gog235jc-1FCAEoggI46AdIHlgDaLYBiAEBmAEeuAEXyAEP2AEB6AEB-AECiAIBqAIDuAKu37adBsACAdICJGQxOGIxMmI4LWU3MDUtNDQ0Yi04NDY5LWFlMmJkOGMxZjY4NNgCBeACAQ&sid=49a96f794188bdcef7cf48709d19573d&all_sr_blocks=840695401_357282005_4_0_0;checkin=2023-01-30;checkout=2023-02-03;dest_id=-538221;dest_type=city;dist=0;group_adults=2;group_children=0;hapos=982;highlighted_blocks=840695401_357282005_4_0_0;hpos=7;matching_block_id=840695401_357282005_4_0_0;no_rooms=1;req_adults=2;req_children=0;room1=A%2CA;sb_price_type=total;sr_order=popularity;sr_pri_blocks=840695401_357282005_4_0_0__185036;srepoch=1672731741;srpvid=b14934bb268c046c;type=total;ucfs=1&#tab-main
Boutique Zakopane Aparthotel,"Piłsudskiego 4, 34-500 Zakopane","9,2","9,9",2753,"0,5",Tak,"9,3",https://www.booking.com/hotel/pl/aparthotel-giewont-boutique.pl.html?aid=397594&label=gog235jc-1FCAEoggI46AdIHlgDaLYBiAEBmAEeuAEXyAEP2AEB6AEB-AECiAIBqAIDuAKu37adBsACAdICJGQxOGIxMmI4LWU3MDUtNDQ0Yi04NDY5LWFlMmJkOGMxZjY4NNgCBeACAQ&sid=49a96f794188bdcef7cf48709d19573d&all_sr_blocks=653856512_266514509_2_2_0;checkin=2023-01-30;checkout=2023-02-03;dest_id=-538221;dest_type=city;dist=0;group_adults=2;group_children=0;hapos=986;highlighted_blocks=653856512_266514509_2_2_0;hpos=11;matching_block_id=653856512_266514509_2_2_0;no_rooms=1;req_adults=2;req_children=0;room1=A%2CA;sb_price_type=total;sr_order=popularity;sr_pri_blocks=653856512_266514509_2_2_0__275348;srepoch=1672731741;srpvid=b14934bb268c046c;type=total;ucfs=1&#tab-reviews
Apartament Anna,"Osiedle Krzeptówki 9d, 34-500 Zakopane","9,1","8,8",1562,"3,4",Tak,"9,2",https://www.booking.com/hotel/pl/apartament-anna-zakopane.pl.html?aid=397594&label=gog235jc-1FCAEoggI46AdIHlgDaLYBiAEBmAEeuAEXyAEP2AEB6AEB-AECiAIBqAIDuAKu37adBsACAdICJGQxOGIxMmI4LWU3MDUtNDQ0Yi04NDY5LWFlMmJkOGMxZjY4NNgCBeACAQ&sid=49a96f794188bdcef7cf48709d19573d&all_sr_blocks=502520501_186873069_5_0_0;checkin=2023-01-30;checkout=2023-02-03;dest_id=-538221;dest_type=city;dist=0;group_adults=2;group_children=0;hapos=987;highlighted_blocks=502520501_186873069_5_0_0;hpos=12;matching_block_id=502520501_186873069_5_0_0;no_rooms=1;req_adults=2;req_children=0;room1=A%2CA;sb_price_type=total;sr_order=popularity;sr_pri_blocks=502520501_186873069_5_0_0__156160;srepoch=1672731741;srpvid=b14934bb268c046c;type=total;ucfs=1&#tab-main
Domek Przystań Górska,"Olcza-Huty 11 C, 34-500 Zakopane","9,3","9,1",2825,"4,4",Tak,"9,3",https://www.booking.com/hotel/pl/domek-nad-olczyskim.pl.html?label=gog235jc-1DCAEoggI46AdIHlgDaLYBiAEBmAEeuAEXyAEP2AED6AEB-AECiAIBqAIDuAKu37adBsACAdICJGQxOGIxMmI4LWU3MDUtNDQ0Yi04NDY5LWFlMmJkOGMxZjY4NNgCBOACAQ&sid=dc0fccb21b48c7ed9f9551fae1b2e99e&aid=397594&ucfs=1&arphpl=1&checkin=2023-01-30&checkout=2023-02-03&dest_id=-538221&dest_type=city&group_adults=2&req_adults=2&no_rooms=1&group_children=0&req_children=0&hpos=13&hapos=988&sr_order=popularity&srpvid=b14934bb268c046c&srepoch=1672731741&all_sr_blocks=311095601_329657894_2_0_0&highlighted_blocks=311095601_329657894_2_0_0&matching_block_id=311095601_329657894_2_0_0&sr_pri_blocks=311095601_329657894_2_0_0__282500&from=searchresults&map_fdco=1#hotelTmpl
Apartament Kominkowy Deluxe Zakopane,"ul. Skibówki 11 a 1 / parter, 34-500 Zakopane","8,5","8,4",1715,"2,2",Tak,"8,8",https://www.booking.com/hotel/pl/apartament-komi-zakopane.pl.html?aid=397594&label=gog235jc-1FCAEoggI46AdIHlgDaLYBiAEBmAEeuAEXyAEP2AEB6AEB-AECiAIBqAIDuAKu37adBsACAdICJGQxOGIxMmI4LWU3MDUtNDQ0Yi04NDY5LWFlMmJkOGMxZjY4NNgCBeACAQ&sid=49a96f794188bdcef7cf48709d19573d&all_sr_blocks=286383901_348624022_0_0_0;checkin=2023-01-30;checkout=2023-02-03;dest_id=-538221;dest_type=city;dist=0;group_adults=2;group_children=0;hapos=990;highlighted_blocks=286383901_348624022_0_0_0;hpos=15;matching_block_id=286383901_348624022_0_0_0;no_rooms=1;req_adults=2;req_children=0;room1=A%2CA;sb_price_type=total;sr_order=popularity;sr_pri_blocks=286383901_348624022_0_0_0__171524;srepoch=1672731741;srpvid=b14934bb268c046c;type=total;ucfs=1&#tab-main
Górska Natura,"96 Jana Kasprowicza, 34-520 Zakopane","9,3","8,9",1936,"5,2",Tak,"9,5",https://www.booking.com/hotel/pl/gorska-natura.pl.html?aid=397594&label=gog235jc-1FCAEoggI46AdIHlgDaLYBiAEBmAEeuAEXyAEP2AEB6AEB-AECiAIBqAIDuAKu37adBsACAdICJGQxOGIxMmI4LWU3MDUtNDQ0Yi04NDY5LWFlMmJkOGMxZjY4NNgCBeACAQ&sid=49a96f794188bdcef7cf48709d19573d&all_sr_blocks=806605401_366536515_2_0_0;checkin=2023-01-30;checkout=2023-02-03;dest_id=-538221;dest_type=city;dist=0;group_adults=2;group_children=0;hapos=991;highlighted_blocks=806605401_366536515_2_0_0;hpos=16;matching_block_id=806605401_366536515_2_0_0;no_rooms=1;req_adults=2;req_children=0;room1=A%2CA;sb_price_type=total;sr_order=popularity;sr_pri_blocks=806605401_366536515_2_0_0__193600;srepoch=1672731741;srpvid=b14934bb268c046c;type=total;ucfs=1&#tab-main
Apartament u Marii,"4A Jaszczurówka-Bory numer apartamentu A1, 34-500 Zakopane","9,5",10,1142,"3,6",Nie,10,https://www.booking.com/hotel/pl/apartament-u-marii.pl.html?aid=397594&label=gog235jc-1FCAEoggI46AdIHlgDaLYBiAEBmAEeuAEXyAEP2AEB6AEB-AECiAIBqAIDuAKu37adBsACAdICJGQxOGIxMmI4LWU3MDUtNDQ0Yi04NDY5LWFlMmJkOGMxZjY4NNgCBeACAQ&sid=49a96f794188bdcef7cf48709d19573d&all_sr_blocks=886668701_358267148_2_0_0;checkin=2023-01-30;checkout=2023-02-03;dest_id=-538221;dest_type=city;dist=0;group_adults=2;group_children=0;hapos=992;highlighted_blocks=886668701_358267148_2_0_0;hpos=17;matching_block_id=886668701_358267148_2_0_0;no_rooms=1;req_adults=2;req_children=0;room1=A%2CA;sb_price_type=total;sr_order=popularity;sr_pri_blocks=886668701_358267148_2_0_0__114208;srepoch=1672731741;srpvid=b14934bb268c046c;type=total;ucfs=1&#tab-main
Domek Gabi,"Klusie 1c, 34-500 Zakopane","9,2",9,1484,"4,9",Tak,"9,4",https://www.booking.com/hotel/pl/domek-47-apartament-zakopane.pl.html?aid=397594&label=gog235jc-1FCAEoggI46AdIHlgDaLYBiAEBmAEeuAEXyAEP2AEB6AEB-AECiAIBqAIDuAKu37adBsACAdICJGQxOGIxMmI4LWU3MDUtNDQ0Yi04NDY5LWFlMmJkOGMxZjY4NNgCBeACAQ&sid=49a96f794188bdcef7cf48709d19573d&all_sr_blocks=444801004_344679088_6_0_0;checkin=2023-01-30;checkout=2023-02-03;dest_id=-538221;dest_type=city;dist=0;group_adults=2;group_children=0;hapos=993;highlighted_blocks=444801004_344679088_6_0_0;hpos=18;matching_block_id=444801004_344679088_6_0_0;no_rooms=1;req_adults=2;req_children=0;room1=A%2CA;sb_price_type=total;sr_order=popularity;sr_pri_blocks=444801004_344679088_6_0_0__148432;srepoch=1672731741;srpvid=b14934bb268c046c;type=total;ucfs=1&#tab-main
Apartament Silver Zakopane,"Jagiellońska 33a, 34-500 Zakopane","8,1","9,4",3060,"1,4",Tak,"8,4",https://www.booking.com/hotel/pl/apartament-silver-zakopane.pl.html?aid=397594&label=gog235jc-1FCAEoggI46AdIHlgDaLYBiAEBmAEeuAEXyAEP2AEB6AEB-AECiAIBqAIDuAKu37adBsACAdICJGQxOGIxMmI4LWU3MDUtNDQ0Yi04NDY5LWFlMmJkOGMxZjY4NNgCBeACAQ&sid=49a96f794188bdcef7cf48709d19573d&all_sr_blocks=77912601_127200486_6_0_0;checkin=2023-01-30;checkout=2023-02-03;dest_id=-538221;dest_type=city;dist=0;group_adults=2;group_children=0;hapos=994;highlighted_blocks=77912601_127200486_6_0_0;hpos=19;matching_block_id=77912601_127200486_6_0_0;no_rooms=1;req_adults=2;req_children=0;room1=A%2CA;sb_price_type=total;sr_order=popularity;sr_pri_blocks=77912601_127200486_6_0_0__306000;srepoch=1672731741;srpvid=b14934bb268c046c;type=total;ucfs=1&#tab-main
Apartamenty Zakopane Krupówki,"ul.Krupówki 43, 34-500 Zakopane",8,"9,7",1391,"0,27",Tak,8,https://www.booking.com/hotel/pl/apartamenty-zakopane-krupowki.pl.html?aid=397594&label=gog235jc-1FCAEoggI46AdIHlgDaLYBiAEBmAEeuAEXyAEP2AEB6AEB-AECiAIBqAIDuAKu37adBsACAdICJGQxOGIxMmI4LWU3MDUtNDQ0Yi04NDY5LWFlMmJkOGMxZjY4NNgCBeACAQ&sid=49a96f794188bdcef7cf48709d19573d&all_sr_blocks=119368902_348626740_0_0_0;checkin=2023-01-30;checkout=2023-02-03;dest_id=-538221;dest_type=city;dist=0;group_adults=2;group_children=0;hapos=997;highlighted_blocks=119368902_348626740_0_0_0;hpos=22;matching_block_id=119368902_348626740_0_0_0;no_rooms=1;req_adults=2;req_children=0;room1=A%2CA;sb_price_type=total;sr_order=popularity;sr_pri_blocks=119368902_348626740_0_0_0__139100;srepoch=1672731741;srpvid=b14934bb268c046c;type=total;ucfs=1&#tab-main